visitor_ab,visitor_sac_hits,visitor_sac_flies,visitor_hbp,visitor_walks,visitor_int_walks,visitor_,home_ab,home_sac_hits,home_sac_flies,home_hbp,home_walks,home_int_walks,visitor_pa,home_pa
29,0,0,0,5,0,0,30,0,0,1,4,0,34,35
30,1,1,0,9,0,0,33,0,0,0,6,0,41,39
28,0,1,1,0,0,0,34,0,1,0,5,0,30,40
32,0,2,1,5,0,0,30,0,0,0,2,0,40,32
44,0,0,0,1,0,0,32,0,1,0,1,0,45,34
43,0,2,1,3,0,0,41,0,0,0,6,1,49,48
40,0,0,0,6,0,0,33,0,1,0,4,0,46,38
38,1,0,1,9,0,0,35,0,1,2,3,0,49,41
38,0,0,1,1,0,1,30,0,0,1,2,0,41,33
37,0,0,0,4,0,0,27,0,0,1,5,0,41,33
30,0,0,0,3,0,0,32,0,0,0,2,0,33,34
31,0,0,0,4,1,0,29,0,0,0,4,1,36,34
31,0,0,0,0,0,0,30,0,0,1,1,0,31,32
32,0,0,0,3,0,0,29,0,0,0,3,0,35,32
39,0,0,0,2,1,0,32,0,0,0,6,0,42,38
34,0,0,0,1,0,0,31,0,0,0,9,0,35,40
29,0,0,0,4,0,0,32,0,0,0,1,0,33,33
35,0,0,1,3,0,0,29,1,1,0,2,0,39,33
37,0,0,1,1,0,0,28,0,0,1,7,0,39,36
39,0,1,0,8,0,0,34,0,0,1,3,0,48,38
32,0,0,0,4,0,0,31,0,0,0,1,0,36,32
34,0,0,0,2,0,0,30,0,0,0,3,0,36,33
32,0,0,0,0,0,0,30,0,1,1,5,0,32,37
38,0,1,0,6,0,0,36,0,0,0,3,0,45,39
31,0,0,1,3,0,0,32,0,1,0,8,0,35,41
29,0,0,1,10,0,0,33,0,0,0,2,0,40,35
35,0,0,0,2,0,0,30,0,0,0,3,0,37,33
38,0,0,1,4,0,0,37,0,0,2,2,0,43,41
37,0,0,0,4,0,0,36,0,0,2,3,0,41,41
31,0,1,0,2,0,0,30,0,0,0,5,0,34,35
39,0,0,2,3,0,0,37,0,0,0,3,0,44,40
36,0,2,0,6,0,0,30,0,0,0,3,0,44,33
32,0,0,0,3,0,0,29,0,0,0,2,0,35,31
34,0,0,0,2,0,0,36,0,0,2,7,0,36,45
34,0,0,0,3,0,0,40,0,3,1,6,0,37,50
37,0,3,0,6,0,0,33,0,1,0,4,0,46,38
33,0,0,0,1,0,0,32,0,0,0,3,1,34,36
33,0,0,1,0,0,0,31,0,0,1,4,0,34,36
31,0,0,3,4,0,0,29,0,0,0,5,0,38,34
31,0,0,0,1,0,0,27,0,0,0,2,0,32,29
35,0,1,0,1,0,0,36,0,1,1,2,0,37,40
28,0,0,0,5,0,0,27,0,1,0,5,0,33,33
36,0,0,0,2,0,0,38,1,0,0,4,0,38,43
40,0,0,2,3,0,0,34,0,0,2,6,0,45,42
38,0,0,1,5,0,0,33,0,0,0,3,0,44,36
29,0,0,2,2,0,0,29,0,1,1,5,0,33,36
37,0,0,1,2,0,0,31,0,0,1,3,0,40,35
37,0,0,0,5,1,0,39,0,0,0,2,0,43,41
29,0,0,0,1,0,0,32,0,0,1,2,0,30,35
33,0,0,0,3,0,0,30,0,0,0,0,0,36,30
39,0,0,1,3,0,1,33,0,0,2,2,0,44,37
32,0,0,0,3,0,0,36,0,1,1,5,0,35,43
36,0,0,0,4,0,0,36,0,0,0,1,0,40,37
29,0,0,1,6,0,0,34,0,0,0,8,0,36,42
34,0,0,0,1,0,0,31,0,0,0,5,0,35,36
35,0,0,0,5,0,0,39,0,0,0,3,0,40,42
34,0,2,0,1,0,0,32,0,0,1,1,0,37,34
35,0,0,0,3,0,0,38,0,0,0,7,1,38,46
40,0,0,0,8,0,0,31,0,0,0,2,0,48,33
41,0,0,0,4,0,0,42,0,0,1,5,1,45,49
36,0,0,0,6,0,0,33,0,0,1,3,0,42,37
37,0,0,0,0,0,0,33,0,0,0,9,0,37,42
43,1,3,1,4,1,0,43,0,0,0,3,0,53,46
37,0,0,1,6,0,0,33,0,0,1,4,0,44,38
29,0,0,0,4,0,0,29,0,0,1,1,0,33,31
43,0,1,0,6,0,0,33,1,0,0,2,0,50,36
32,0,1,1,2,0,0,28,0,0,0,5,0,36,33
29,0,0,0,1,0,0,26,0,0,0,1,0,30,27
34,0,0,1,0,0,0,35,0,0,0,2,0,35,37
31,1,2,2,7,0,0,37,0,0,0,2,0,43,39
37,0,0,0,1,0,0,34,0,0,0,1,0,38,35
35,0,1,0,4,0,0,40,0,0,1,2,0,40,43
33,0,0,0,4,0,0,33,0,0,0,1,0,37,34
37,0,0,0,1,0,0,34,0,0,0,3,0,38,37
37,0,0,0,2,0,0,30,0,0,0,1,0,39,31
37,0,0,0,1,0,0,30,0,0,0,2,0,38,32
33,0,0,0,3,0,0,32,0,1,0,4,0,36,37
33,0,1,0,3,0,0,37,0,0,0,0,0,37,37
35,0,0,1,3,0,0,32,0,0,0,1,0,39,33
33,0,0,0,2,0,0,29,0,0,0,1,0,35,30
33,0,0,1,3,0,0,32,0,0,0,5,0,37,37
36,0,1,0,1,0,0,30,0,0,1,4,0,38,35
35,0,1,0,2,0,0,31,0,0,0,6,0,38,37
34,0,1,1,4,0,0,30,0,0,0,2,0,40,32
32,0,0,0,9,0,0,36,0,0,0,1,0,41,37
33,0,0,0,2,0,0,34,0,2,0,2,0,35,38
36,0,0,0,2,0,0,28,0,0,1,4,0,38,33
29,0,1,1,3,0,0,31,0,0,0,3,0,34,34
38,0,0,1,8,1,0,34,0,0,0,5,0,48,39
32,0,0,0,6,0,0,32,0,0,2,4,0,38,38
29,0,0,0,3,0,0,33,0,0,0,1,0,32,34
32,0,0,1,6,0,0,32,0,0,0,3,0,39,35
33,0,0,0,7,0,0,37,0,1,0,7,0,40,45
32,0,0,0,2,0,0,33,0,0,0,1,0,34,34
47,0,0,2,5,0,0,39,0,0,0,5,0,54,44
31,0,0,1,4,0,0,33,0,0,0,5,0,36,38
38,0,0,0,0,0,0,35,0,0,0,3,0,38,38
30,0,1,0,9,0,0,33,0,0,1,2,0,40,36
32,1,1,0,6,0,0,33,0,0,0,8,0,40,41
29,0,0,1,3,0,0,28,0,0,0,2,0,33,30
40,0,2,0,4,0,0,36,0,0,0,2,0,46,38
30,0,0,0,5,0,0,29,0,1,0,8,0,35,38
31,0,0,0,4,0,0,28,0,1,1,12,0,35,42
31,0,0,0,5,0,0,34,0,0,0,4,0,36,38
38,0,0,0,2,0,0,42,0,0,0,3,0,40,45
34,0,0,0,1,0,0,30,0,0,0,5,0,35,35
35,0,0,0,1,0,0,31,0,0,0,5,0,36,36
34,0,0,0,5,0,0,34,0,1,0,6,0,39,41
37,0,0,0,4,0,0,32,0,0,0,3,0,41,35
34,1,0,0,2,0,0,38,0,0,0,4,1,37,43
36,0,0,1,1,0,0,34,0,0,0,6,0,38,40
35,0,1,0,5,0,0,39,0,1,2,0,0,41,42
35,0,0,1,5,1,0,32,0,0,0,3,0,42,35
34,0,0,0,6,0,0,38,0,0,0,2,0,40,40
36,2,0,0,2,0,0,36,0,1,0,2,0,40,39
37,0,1,1,4,0,0,32,0,0,0,3,0,43,35
32,0,0,0,5,0,0,33,0,0,1,3,0,37,37
33,0,1,0,2,0,0,30,1,1,0,3,1,36,36
38,0,1,1,6,0,0,35,0,2,0,3,0,46,40
34,0,0,1,1,0,0,37,0,1,0,0,0,36,38
36,0,0,1,4,0,0,33,0,0,0,3,0,41,36
31,0,1,0,5,0,0,30,0,1,0,4,0,37,35
35,1,0,1,1,0,0,35,0,0,0,6,1,38,42
39,0,0,0,6,0,0,33,0,1,1,4,0,45,39
35,0,0,0,1,0,0,35,0,0,0,5,0,36,40
28,0,0,0,3,0,1,31,0,0,3,6,0,32,40
33,0,1,0,5,0,0,40,0,0,0,4,0,39,44
38,0,0,1,3,0,0,33,0,0,1,5,0,42,39
39,0,0,0,2,0,0,31,0,0,0,4,0,41,35
35,0,0,1,6,0,0,33,0,0,1,5,1,42,40
33,0,0,0,6,0,1,34,0,0,1,2,0,40,37
36,0,1,0,5,0,0,37,0,0,0,2,0,42,39
32,0,0,0,9,0,0,30,0,0,0,3,0,41,33
32,1,0,0,0,0,0,25,0,1,0,4,0,33,30
31,0,0,0,0,0,1,29,0,0,1,1,0,32,31
43,0,0,2,4,1,0,42,0,0,1,5,0,50,48
35,0,0,0,1,0,0,32,0,0,0,3,0,36,35
44,0,1,0,6,1,0,43,0,1,0,7,5,52,56
32,0,1,1,5,0,0,36,0,0,0,1,0,39,37
35,0,0,0,3,0,0,27,0,0,1,3,0,38,31
28,0,0,0,1,0,0,35,0,0,2,7,0,29,44
28,0,0,0,1,0,0,32,0,0,0,3,0,29,35
38,1,0,0,1,0,0,35,0,0,0,5,0,40,40
34,0,1,1,3,0,0,35,0,0,0,2,0,39,37
32,0,0,0,2,0,0,35,0,1,0,2,0,34,38
28,0,0,0,6,0,0,30,0,1,1,1,0,34,33
35,0,0,1,4,0,0,44,0,0,0,2,0,40,46
38,1,0,1,8,1,0,27,0,0,1,5,0,49,33
36,0,0,0,2,0,0,33,0,0,1,2,0,38,36
40,1,0,0,2,0,0,33,0,0,1,4,0,43,38
32,0,0,0,3,0,0,30,0,0,1,3,0,35,34
31,0,0,0,3,0,0,26,0,2,0,9,0,34,37
35,0,0,0,2,0,0,34,0,0,3,2,0,37,39
30,0,0,0,2,0,0,29,0,0,0,2,0,32,31
32,0,0,0,2,0,0,35,0,0,0,5,0,34,40
32,0,0,1,5,0,0,30,0,0,0,1,0,38,31
35,0,0,2,5,0,0,34,0,0,0,6,0,42,40
38,0,1,0,4,0,0,40,0,0,1,4,0,43,45
36,1,0,0,6,0,0,37,0,1,0,2,0,43,40
34,1,0,1,2,0,0,29,0,1,0,6,0,38,36
40,0,0,0,3,0,0,35,0,0,1,4,0,43,40
37,0,0,0,3,1,0,34,0,1,1,1,0,41,37
30,0,0,2,5,0,1,30,0,0,0,6,0,38,36
27,0,0,1,6,0,0,26,0,1,2,4,0,34,33
39,0,0,0,4,0,0,34,1,1,1,6,1,43,44
37,0,1,1,3,0,0,31,0,1,0,2,0,42,34
34,0,0,0,1,0,0,35,0,0,0,1,0,35,36
32,0,0,0,5,0,0,34,0,0,0,1,0,37,35
38,0,1,0,4,2,0,36,0,1,0,5,0,45,42
31,0,0,0,6,0,0,34,0,0,0,2,0,37,36
36,0,0,0,3,0,0,36,0,0,0,2,0,39,38
33,0,0,0,4,0,0,32,0,0,1,2,0,37,35
36,0,0,0,3,0,0,31,0,1,0,1,0,39,33
38,0,0,0,3,1,0,32,0,0,0,3,0,42,35
31,0,0,1,6,0,0,30,1,0,0,7,0,38,38
37,0,0,0,4,0,0,37,0,0,0,1,0,41,38
37,0,2,0,5,0,0,28,0,0,0,6,0,44,34
38,0,1,0,7,0,0,36,0,1,0,2,0,46,39
32,0,0,1,0,0,0,29,0,0,0,6,0,33,35
37,1,1,1,3,0,0,33,0,1,0,3,0,43,37
33,0,0,0,1,0,0,32,0,0,1,5,0,34,38
32,0,0,0,3,0,0,34,0,0,1,2,0,35,37
36,0,0,0,1,0,0,34,0,2,1,4,0,37,41
41,0,0,0,2,0,0,31,0,0,1,1,0,43,33
34,0,0,0,1,0,0,31,1,2,1,2,0,35,37
35,0,0,0,3,0,0,33,0,0,2,3,0,38,38
35,0,1,0,5,0,0,34,0,0,0,2,0,41,36
34,0,1,0,5,0,0,34,0,0,0,3,0,40,37
34,0,1,1,3,0,0,33,0,2,1,2,0,39,38
39,0,1,0,3,0,0,31,0,0,0,0,0,43,31
31,0,0,1,3,0,0,34,0,0,1,1,0,35,36
33,0,1,2,5,1,0,35,0,0,0,1,0,42,36
38,0,1,1,4,0,0,33,0,1,0,4,0,44,38
39,0,0,0,3,0,0,30,0,0,0,1,0,42,31
33,0,0,0,1,0,0,34,0,0,1,1,0,34,36
40,0,0,0,5,0,0,34,0,0,0,2,0,45,36
32,0,0,1,2,0,0,33,0,0,0,2,0,35,35
33,0,0,1,6,0,0,37,0,0,1,3,0,40,41
35,0,0,1,5,0,0,31,0,0,2,6,0,41,39
32,0,0,0,9,0,0,32,0,0,0,4,0,41,36
43,0,0,1,3,0,0,40,1,1,0,5,0,47,47
37,1,0,0,4,0,0,32,0,0,0,4,0,42,36
38,0,0,0,3,0,0,33,0,1,1,2,0,41,37
31,0,0,2,2,0,0,34,0,0,0,1,0,35,35
37,0,0,2,17,0,0,39,0,1,0,4,0,56,44
33,0,0,0,4,0,0,30,0,0,1,5,0,37,36
35,0,0,0,1,0,0,33,0,0,0,7,0,36,40
31,0,0,0,5,0,0,37,0,1,0,7,0,36,45
29,0,0,0,6,0,0,31,0,0,1,3,0,35,35
31,0,1,1,3,0,0,30,0,0,0,0,0,36,30
37,0,0,1,3,0,0,35,0,1,1,6,1,41,44
37,0,0,0,6,0,0,32,1,1,0,7,1,43,42
36,0,0,1,5,0,0,38,0,0,0,0,0,42,38
36,0,0,2,3,0,1,32,0,0,1,5,0,42,38
36,1,0,1,10,0,0,39,0,1,0,3,1,48,44
42,0,0,0,5,0,0,40,0,0,0,2,0,47,42
32,0,0,1,3,0,0,34,0,1,0,4,0,36,39
40,0,0,2,4,0,0,38,0,0,0,2,0,46,40
31,0,0,0,0,0,0,31,0,0,1,5,0,31,37
32,0,0,1,2,0,0,30,1,0,4,3,0,35,38
32,0,0,2,2,0,0,33,0,0,2,6,0,36,41
35,0,0,0,3,0,0,30,0,0,1,6,1,38,38
50,0,0,1,5,0,0,32,0,2,0,3,0,56,37
38,0,0,0,2,0,0,34,0,0,0,4,0,40,38
33,1,0,0,0,0,0,29,0,0,1,1,0,34,31
30,0,1,0,3,0,0,33,0,0,0,2,0,34,35
37,0,1,0,4,0,0,40,0,0,0,5,2,42,47
36,0,0,0,1,0,0,34,1,1,1,3,0,37,40
27,0,0,0,3,0,0,28,0,0,1,1,0,30,30
39,0,1,0,7,1,0,32,0,0,0,3,0,48,35
36,0,1,1,2,0,0,29,0,0,1,7,0,40,37
33,0,1,0,2,0,0,33,1,0,0,3,0,36,37
27,1,0,0,1,0,0,30,0,0,1,2,0,29,33
34,0,0,0,7,0,0,38,0,0,1,7,0,41,46
30,0,0,0,0,0,0,26,0,0,0,5,0,30,31
38,0,0,1,6,0,0,32,0,0,0,4,0,45,36
35,0,0,0,2,0,0,31,1,0,2,4,0,37,38
43,1,1,1,2,0,0,33,0,1,1,4,0,48,39
39,0,0,1,3,1,0,36,0,0,0,0,0,44,36
32,1,0,1,3,0,0,31,0,0,1,0,0,37,32
32,0,0,1,4,0,0,32,0,0,0,1,0,37,33
29,0,0,0,4,0,0,31,0,0,2,0,0,33,33
36,0,1,1,1,0,0,34,0,1,0,5,0,39,40
32,0,0,0,3,0,0,33,0,1,0,3,0,35,37
31,0,0,1,4,0,0,29,0,0,0,2,0,36,31
44,0,1,0,2,0,0,34,0,0,0,0,0,47,34
38,0,0,0,5,0,0,31,0,0,0,2,0,43,33
41,0,1,3,1,0,0,31,0,0,1,2,0,46,34
33,0,0,0,6,0,0,36,1,0,0,3,0,39,40
31,0,0,0,0,0,0,31,0,1,0,7,0,31,39
33,0,0,0,2,0,0,30,1,1,0,1,0,35,33
34,0,0,1,5,0,0,30,0,0,2,3,0,40,35
40,0,0,0,1,0,0,35,0,0,0,8,0,41,43
30,0,0,0,4,0,0,32,0,0,1,0,0,34,33
32,0,2,3,4,0,0,43,0,0,0,3,0,41,46
40,0,0,0,5,0,0,35,0,0,1,0,0,45,36
27,0,0,1,1,0,0,26,0,0,0,3,0,29,29
33,1,0,0,2,0,0,38,0,1,0,1,0,36,40
29,1,0,0,0,0,0,28,0,0,0,3,0,30,31
33,0,0,0,2,0,0,36,0,0,0,1,0,35,37
35,0,1,1,8,0,0,33,0,1,0,1,0,45,35
33,0,1,1,1,0,1,29,0,1,0,7,0,37,37
36,0,0,1,5,0,0,28,0,0,0,5,0,42,33
38,0,0,0,3,1,0,37,0,2,1,6,0,42,46
37,0,0,0,5,0,0,30,1,0,0,5,0,42,36
44,0,1,1,5,0,0,32,0,1,1,7,0,51,41
34,0,1,0,4,0,0,31,0,1,0,5,1,39,38
39,0,0,2,3,0,0,43,0,0,1,4,2,44,50
30,0,0,0,3,0,0,28,0,0,0,3,0,33,31
37,0,1,0,3,0,0,36,0,0,0,9,0,41,45
30,0,0,0,5,0,0,33,0,0,0,3,0,35,36
37,0,0,2,4,0,0,32,0,1,1,3,0,43,37
36,0,0,1,1,0,0,31,0,0,0,2,0,38,33
30,0,0,1,5,0,0,34,0,0,0,1,0,36,35
30,0,0,0,3,0,0,31,0,0,1,2,0,33,34
38,0,1,0,6,0,1,34,0,1,0,0,0,46,35
35,0,0,2,5,0,0,32,0,1,2,5,1,42,41
36,0,1,1,7,0,0,30,0,0,1,3,0,45,34
35,0,0,0,1,0,0,33,0,0,1,1,0,36,35
34,0,0,0,4,0,0,39,0,0,0,1,0,38,40
34,0,0,0,5,1,0,31,0,0,2,4,0,40,37
33,1,0,0,4,0,0,33,0,0,0,5,0,38,38
32,0,1,0,2,0,0,27,0,0,0,3,0,35,30
38,0,0,2,4,0,0,33,0,0,0,4,0,44,37
36,0,0,1,2,0,0,37,0,1,0,3,0,39,41
32,0,1,1,3,0,0,32,0,0,1,11,1,37,45
29,0,0,0,0,0,0,36,0,0,0,3,0,29,39
36,0,0,1,3,0,0,33,0,0,1,4,0,40,38
28,0,0,0,2,0,0,40,0,0,0,4,0,30,44
34,1,0,0,3,0,0,34,0,0,0,2,0,38,36
28,0,0,0,4,0,0,34,0,0,1,3,0,32,38
32,0,1,1,1,0,0,29,1,0,0,6,0,35,36
39,1,0,1,2,0,0,29,0,0,0,2,0,43,31
28,0,0,0,2,0,0,28,0,0,2,2,0,30,32
30,0,0,0,1,0,0,31,0,0,0,1,0,31,32
34,0,0,0,0,0,0,28,1,1,0,3,0,34,33
35,0,0,1,5,0,0,29,0,0,0,2,0,41,31
30,0,0,1,0,0,0,28,0,1,0,4,0,31,33
37,0,0,2,8,1,0,34,0,0,0,4,0,48,38
31,1,0,1,7,0,0,30,0,0,1,4,0,40,35
32,0,0,0,6,0,0,35,0,0,1,0,0,38,36
40,0,0,0,1,0,0,35,0,0,0,0,0,41,35
38,0,0,0,5,0,0,32,0,0,1,5,0,43,38
34,0,0,0,1,0,0,31,0,0,1,1,0,35,33
35,0,1,0,2,0,0,31,0,0,0,1,0,38,32
34,0,0,0,4,0,0,29,1,1,1,0,0,38,32
35,0,0,0,1,0,0,31,0,1,1,3,0,36,36
38,0,0,3,2,0,0,39,0,0,0,0,0,43,39
29,0,0,0,4,0,0,30,0,0,0,3,0,33,33
31,1,0,0,7,0,0,29,0,0,0,2,0,39,31
36,1,1,0,4,1,0,32,0,0,1,4,0,43,37
39,1,1,2,5,0,0,37,0,0,0,4,0,48,41
32,0,0,1,4,0,0,31,0,0,0,2,0,37,33
35,0,0,1,2,0,0,31,0,0,0,3,0,38,34
35,0,0,0,2,0,0,36,0,0,1,2,1,37,40
31,0,1,2,2,0,0,42,0,0,2,6,0,36,50
32,0,2,0,6,0,0,31,0,1,0,5,0,40,37
33,0,0,1,5,0,0,29,0,0,1,3,0,39,33
35,0,0,0,3,0,0,33,0,0,0,2,0,38,35
36,0,2,1,7,1,0,29,2,1,0,6,0,47,38
34,0,1,1,3,0,0,29,0,0,0,5,0,39,34
31,0,0,0,2,0,0,29,0,0,0,4,0,33,33
34,0,2,0,1,0,0,31,0,0,2,2,0,37,35
33,0,0,1,1,0,0,31,0,1,0,1,0,35,33
34,1,1,0,7,3,0,30,1,0,0,1,0,46,32
34,0,0,0,2,0,0,37,0,1,0,2,0,36,40
28,0,0,0,4,0,0,33,0,0,0,3,0,32,36
34,0,0,0,3,0,0,33,0,0,0,0,0,37,33
37,0,0,0,5,0,0,31,0,0,1,4,0,42,36
30,0,0,0,0,0,0,28,0,0,1,3,0,30,32
33,0,0,0,0,0,0,31,1,1,0,6,0,33,39
36,0,0,0,5,0,0,28,0,1,0,8,0,41,37
31,0,0,0,0,0,0,37,0,0,0,6,0,31,43
35,0,0,0,2,0,0,31,0,0,1,6,0,37,38
32,0,0,0,6,0,0,32,0,0,1,1,0,38,34
32,0,0,0,1,0,0,32,0,1,1,2,1,33,37
42,1,0,0,6,1,0,40,0,0,2,4,0,50,46
31,0,0,0,3,0,0,32,0,0,0,1,0,34,33
37,0,0,0,3,0,0,30,0,0,0,3,0,40,33
32,0,0,0,4,0,0,33,0,0,0,6,0,36,39
31,0,1,1,1,0,0,37,0,1,1,5,0,34,44
31,0,0,1,4,0,0,30,0,0,0,8,0,36,38
37,0,1,1,1,0,0,36,0,1,0,3,0,40,40
35,1,0,0,2,0,0,33,0,0,0,3,0,38,36
31,0,0,1,5,0,0,30,0,0,0,8,0,37,38
37,0,0,1,2,0,0,35,0,0,1,2,0,40,38
39,0,0,0,2,0,0,32,0,0,0,3,0,41,35
38,0,0,1,6,0,0,31,0,0,0,1,0,45,32
34,0,1,0,1,0,0,35,0,0,1,1,0,36,37
36,0,1,0,4,0,1,39,0,0,2,1,0,42,42
34,1,0,1,0,0,0,33,0,0,0,2,0,36,35
33,0,0,0,4,1,0,34,0,0,0,2,0,38,36
35,0,1,0,5,0,0,39,0,0,0,0,0,41,39
33,0,1,0,6,0,0,31,0,1,0,0,0,40,32
35,0,0,0,0,0,0,33,0,0,0,3,0,35,36
37,0,0,0,3,0,0,30,0,0,0,2,0,40,32
30,0,0,1,1,0,0,33,0,0,0,3,0,32,36
33,0,0,0,1,0,0,27,1,0,2,2,0,34,32
32,0,0,0,4,0,0,33,0,0,0,5,2,36,40
35,1,0,0,2,0,0,35,0,0,0,2,0,38,37
29,0,2,3,4,0,0,29,1,1,1,3,0,38,35
34,0,0,1,0,0,0,32,0,0,1,3,0,35,36
35,0,0,0,7,0,0,32,0,0,0,4,0,42,36
35,0,0,0,2,0,0,36,0,0,0,1,0,37,37
31,0,0,0,2,0,0,33,1,0,1,5,0,33,40
31,0,0,0,6,0,1,38,0,0,0,5,0,38,43
33,0,0,1,2,0,0,37,0,0,0,5,0,36,42
33,0,0,1,2,0,0,30,2,3,0,4,0,36,39
33,0,0,1,0,0,0,32,0,0,1,4,1,34,38
39,0,1,0,4,0,0,31,0,0,1,3,0,44,35
30,0,0,0,4,0,0,27,0,0,0,2,0,34,29
30,0,0,0,1,0,0,33,0,0,3,4,0,31,40
37,0,0,0,2,0,0,32,0,0,1,3,0,39,36
30,0,1,0,5,0,1,32,0,0,1,0,0,37,33
35,0,1,3,2,0,0,39,0,1,0,3,0,41,43
28,0,0,1,2,0,0,27,0,0,0,1,0,31,28
32,0,0,0,1,0,0,30,0,1,0,2,0,33,33
38,0,0,0,2,0,0,33,0,0,1,3,0,40,37
35,0,0,3,3,0,0,32,0,1,1,6,0,41,40
44,0,0,0,4,0,0,38,0,0,0,2,0,48,40
34,0,2,0,3,0,0,35,0,0,1,10,0,39,46
31,0,0,0,2,0,0,33,0,0,0,2,0,33,35
33,0,0,2,1,0,0,33,0,0,0,2,0,36,35
34,1,2,0,4,0,0,33,0,0,0,1,0,41,34
31,0,1,0,7,0,0,33,0,0,1,4,0,39,38
34,0,0,0,2,0,0,29,0,0,2,2,0,36,33
35,0,0,0,0,0,0,32,0,0,0,3,0,35,35
20,0,0,0,1,0,0,18,0,0,0,1,0,21,19
33,0,1,1,2,0,0,34,0,0,0,2,0,37,36
36,0,0,0,0,0,0,33,0,0,2,4,0,36,39
34,0,0,0,0,0,0,30,0,0,0,0,0,34,30
38,0,1,1,2,0,0,30,0,1,0,5,0,42,36
41,1,0,1,5,0,0,36,0,0,1,4,0,48,41
31,0,1,1,1,0,0,34,0,0,1,1,0,34,36
31,0,0,1,4,0,0,32,0,0,1,2,0,36,35
42,0,0,0,2,0,0,34,0,0,0,2,0,44,36
31,0,0,0,1,0,0,29,0,0,0,4,0,32,33
33,0,1,0,8,0,0,35,0,0,2,4,1,42,42
36,0,1,1,2,0,0,30,0,0,1,5,0,40,36
39,0,0,1,5,0,0,41,0,0,0,10,1,45,52
34,0,1,1,7,1,0,34,0,0,0,0,0,44,34
38,1,3,1,7,0,0,34,0,0,1,1,0,50,36
42,0,0,0,4,0,0,42,1,0,0,3,0,46,46
38,0,0,0,5,0,0,32,0,0,0,3,0,43,35
35,0,0,0,3,0,0,38,0,0,0,3,0,38,41
36,0,0,0,3,0,0,33,0,0,0,2,0,39,35
37,0,1,0,3,0,0,33,0,0,2,1,0,41,36
31,1,0,0,7,1,0,35,0,0,1,5,0,40,41
32,0,0,0,5,0,0,33,0,0,1,5,0,37,39
28,1,0,0,0,0,0,27,0,0,1,3,0,29,31
35,0,0,0,2,0,0,30,0,0,0,2,1,37,33
33,0,0,0,4,0,0,38,0,1,0,3,0,37,42
34,0,1,0,0,0,0,30,0,1,1,8,1,35,41
34,0,1,1,2,1,0,28,0,1,1,2,0,39,32
31,0,0,0,3,0,0,28,0,0,0,4,0,34,32
36,0,0,1,0,0,0,33,0,0,1,1,0,37,35
33,0,0,0,3,0,0,38,0,0,0,4,0,36,42
32,0,0,1,0,0,0,33,0,0,0,6,0,33,39
39,0,1,2,3,0,0,40,0,2,3,2,0,45,47
34,0,1,0,3,0,0,34,0,0,1,3,0,38,38
33,0,0,1,3,0,0,31,0,0,0,3,0,37,34
37,0,0,0,3,0,0,31,1,0,1,4,0,40,37
38,0,0,1,2,1,0,30,2,1,2,2,0,42,37
33,0,0,0,3,0,0,36,0,0,0,8,0,36,44
36,0,0,1,5,0,0,44,0,0,0,4,0,42,48
35,0,0,0,3,0,0,39,0,0,0,8,0,38,47
36,0,0,0,3,0,0,35,1,0,3,4,0,39,43
31,0,0,1,4,0,0,33,0,0,0,3,0,36,36
35,0,0,0,0,0,0,38,0,0,0,4,0,35,42
36,0,0,0,3,0,0,32,0,0,0,0,0,39,32
37,0,0,0,6,0,0,35,0,0,0,2,0,43,37
32,0,0,0,3,0,0,34,0,0,1,3,1,35,39
32,0,0,0,3,0,0,31,0,0,0,1,0,35,32
33,0,0,0,1,0,0,30,0,0,1,3,0,34,34
29,0,0,0,2,0,1,40,0,1,0,5,0,32,46
32,0,1,2,9,0,0,30,0,0,0,2,0,44,32
36,0,0,1,3,0,0,35,1,0,0,3,0,40,39
35,0,0,0,3,0,0,30,0,0,0,3,0,38,33
35,0,0,0,4,1,0,32,1,0,0,0,0,40,33
34,0,0,0,3,0,0,36,0,0,1,1,0,37,38
31,0,1,0,5,0,0,32,1,0,0,5,1,37,39
29,1,0,0,9,0,0,30,0,0,0,0,0,39,30
41,0,0,0,8,0,0,34,0,0,1,3,0,49,38
33,0,0,1,5,0,0,32,0,0,0,1,0,39,33
29,0,0,0,5,0,0,29,1,0,0,2,0,34,32
30,1,1,1,6,0,0,27,0,0,0,7,0,39,34
35,0,1,0,4,0,0,32,1,0,0,2,0,40,35
29,0,1,1,4,0,0,33,0,0,0,5,0,35,38
36,0,1,1,4,0,0,35,0,1,1,3,1,42,41
43,0,0,1,2,0,0,38,0,0,0,2,0,46,40
33,0,0,0,2,0,0,33,0,0,0,7,0,35,40
38,0,0,1,2,0,0,34,0,0,1,1,0,41,36
29,0,0,1,5,0,0,29,0,0,0,3,0,35,32
33,0,0,0,2,0,0,40,0,0,1,4,0,35,45
33,0,0,0,6,0,0,33,1,0,0,3,0,39,37
35,0,0,0,2,0,0,31,0,0,1,0,0,37,32
31,0,0,0,2,0,0,34,0,1,0,2,0,33,37
30,1,0,1,2,0,0,31,0,0,0,3,0,34,34
31,0,0,0,1,0,0,34,0,1,0,0,0,32,35
37,0,0,0,3,1,0,33,1,0,0,2,0,41,36
39,0,0,0,6,0,0,32,2,0,0,2,0,45,36
34,0,0,0,2,0,0,36,0,0,0,2,0,36,38
36,0,1,0,7,0,0,38,0,1,0,3,0,44,42
38,0,0,0,1,0,0,32,0,2,1,3,0,39,38
37,0,2,0,4,1,0,35,0,0,0,3,1,44,39
39,0,2,1,3,0,0,37,0,0,0,4,0,45,41
32,0,1,0,1,0,0,28,0,0,0,0,0,34,28
35,0,1,0,3,0,0,40,0,0,0,2,0,39,42
42,0,0,0,8,0,0,41,1,0,0,8,5,50,55
28,0,0,0,1,0,0,28,0,0,2,1,0,29,31
37,0,0,1,9,0,0,41,0,0,0,6,1,47,48
33,0,0,0,7,0,0,34,0,0,0,1,0,40,35
31,0,0,1,1,0,0,26,0,0,0,4,0,33,30
30,0,0,0,1,0,0,30,0,1,0,3,0,31,34
39,1,0,1,3,0,0,35,0,0,0,3,0,44,38
30,1,1,1,0,0,0,32,0,0,1,2,1,33,36
33,0,0,0,2,0,0,33,0,0,0,1,0,35,34
30,1,0,0,6,0,0,28,0,0,0,2,0,37,30
35,0,1,2,1,0,0,35,0,0,1,2,0,39,38
33,0,0,0,4,0,0,28,0,0,0,4,0,37,32
30,0,0,0,2,0,0,30,0,0,0,11,1,32,42
32,0,1,0,3,0,0,29,0,0,0,6,0,36,35
36,0,0,1,4,0,0,40,0,0,0,1,0,41,41
39,0,1,1,6,0,0,37,0,0,0,2,1,47,40
30,0,0,0,2,0,0,29,0,0,0,2,0,32,31
41,0,1,0,7,1,0,33,0,3,0,6,0,50,42
32,1,0,0,3,0,0,33,0,0,0,2,0,36,35
34,0,0,0,4,0,0,29,0,1,2,2,0,38,34
36,0,0,0,3,0,0,37,3,0,0,4,1,39,45
35,0,0,0,1,0,0,31,0,0,1,3,0,36,35
31,0,0,0,3,0,0,35,0,0,0,4,0,34,39
33,0,0,3,2,0,0,31,0,0,0,3,0,38,34
33,0,1,1,5,0,0,32,1,0,0,3,0,40,36
35,1,0,1,5,1,0,37,0,0,1,1,0,43,39
38,0,0,1,7,0,0,32,0,0,0,2,0,46,34
30,0,0,1,5,0,0,32,0,0,0,3,0,36,35
32,0,0,0,5,0,0,30,0,0,0,1,0,37,31
42,0,1,0,2,0,0,38,0,0,0,5,0,45,43
42,0,0,0,5,0,0,32,0,0,0,2,0,47,34
35,0,0,0,2,0,0,29,0,0,0,3,0,37,32
35,0,0,2,4,0,0,34,0,0,2,10,0,41,46
33,0,1,0,3,0,0,35,0,0,1,4,0,37,40
35,0,0,0,4,0,0,32,1,0,1,2,0,39,36
39,1,0,0,3,0,0,35,0,0,0,11,0,43,46
40,0,0,1,5,0,0,39,0,0,0,4,2,46,45
48,1,1,0,1,0,0,49,2,0,1,2,1,51,55
44,0,1,0,4,0,0,38,0,0,2,1,0,49,41
40,0,1,0,6,0,0,35,0,0,1,7,0,47,43
30,0,0,0,0,0,0,31,0,0,0,3,1,30,35
42,0,0,0,3,0,0,35,0,0,0,3,0,45,38
37,0,0,1,5,0,0,38,0,0,0,1,0,43,39
35,0,1,1,5,0,0,39,0,0,0,1,0,42,40
36,0,0,0,1,0,0,37,0,1,2,1,0,37,41
45,0,1,0,5,0,0,37,0,1,0,6,0,51,44
27,0,0,1,5,0,0,32,0,0,0,0,0,33,32
30,0,0,1,1,0,0,32,0,1,1,1,0,32,35
31,0,0,0,1,0,0,32,0,0,1,4,0,32,37
40,0,1,0,7,0,0,39,0,0,0,3,0,48,42
35,0,0,0,1,0,0,37,0,0,0,2,0,36,39
33,0,0,0,2,0,0,31,0,0,0,6,0,35,37
33,0,0,0,3,0,0,33,0,0,1,1,0,36,35
30,0,0,0,1,0,0,26,0,0,0,4,0,31,30
36,0,0,2,1,0,0,29,0,0,1,3,0,39,33
34,0,0,0,0,0,0,31,0,1,1,2,0,34,35
32,0,1,0,4,0,0,32,0,0,0,4,0,37,36
36,0,0,0,6,0,0,33,0,0,0,4,0,42,37
34,0,1,1,3,0,0,37,0,1,1,4,1,39,44
36,0,0,0,5,0,0,32,0,0,0,2,0,41,34
30,0,1,0,1,0,0,30,0,0,3,0,0,32,33
34,0,0,0,2,0,0,37,0,0,0,2,0,36,39
33,0,1,0,4,0,0,35,0,0,2,5,0,38,42
34,0,0,0,5,0,0,32,0,0,1,7,0,39,40
33,0,0,1,4,0,0,32,0,1,2,4,0,38,39
34,0,1,1,6,0,0,32,0,0,0,3,0,42,35
33,1,0,2,2,0,0,31,0,1,0,7,1,38,40
37,0,1,0,4,0,0,30,1,0,1,6,0,42,38
36,0,0,0,2,0,0,35,0,0,0,3,0,38,38
33,0,0,0,2,0,1,31,0,0,0,0,0,36,31
31,0,0,0,7,0,0,31,0,0,0,2,0,38,33
36,0,0,0,3,0,0,29,0,1,0,1,1,39,32
33,0,0,0,0,0,0,32,0,0,0,2,0,33,34
35,1,0,0,5,0,0,33,0,0,0,5,0,41,38
36,0,0,0,6,0,0,33,0,2,1,4,0,42,40
34,0,0,0,1,0,0,30,0,1,0,3,0,35,34
33,1,0,0,1,0,0,31,1,0,0,6,0,35,38
32,0,0,1,5,0,0,33,0,0,0,1,0,38,34
35,1,0,0,4,0,0,36,0,0,0,6,0,40,42
35,0,0,1,4,0,0,28,0,0,0,2,0,40,30
35,0,1,1,4,0,0,30,0,0,0,0,0,41,30
34,0,0,0,2,0,0,35,1,0,0,3,1,36,40
34,0,0,0,4,0,0,30,0,0,0,6,0,38,36
39,0,0,0,5,0,0,34,0,0,0,5,0,44,39
33,0,1,1,3,0,0,33,0,0,0,2,0,38,35
32,0,0,0,2,0,0,29,0,0,0,6,1,34,36
35,0,0,1,0,0,0,31,0,0,0,3,0,36,34
31,0,0,0,5,0,0,38,0,0,0,2,0,36,40
32,1,1,1,7,1,0,36,0,0,0,4,2,43,42
35,0,0,2,3,0,0,33,0,1,1,6,0,40,41
39,0,0,1,0,0,0,32,0,0,1,2,0,40,35
33,0,1,1,3,0,0,32,0,0,0,3,0,38,35
33,0,0,0,3,0,0,31,0,0,0,1,0,36,32
34,0,0,0,2,0,0,31,0,0,1,3,0,36,35
33,0,0,1,2,0,0,30,0,0,2,3,0,36,35
38,0,0,1,5,0,0,30,0,0,1,2,0,44,33
34,0,0,0,1,0,0,29,0,0,0,1,0,35,30
37,0,0,1,2,0,0,35,0,0,0,5,0,40,40
33,0,0,0,1,0,0,33,0,2,0,0,0,34,35
33,0,0,0,1,0,0,30,0,0,0,4,0,34,34
37,0,0,0,4,0,0,34,0,0,0,3,0,41,37
30,0,0,0,4,0,0,31,0,0,0,7,1,34,39
37,0,0,0,3,0,0,31,0,0,0,6,0,40,37
33,0,0,0,2,0,0,31,0,0,0,7,0,35,38
38,0,0,0,2,0,0,33,0,0,0,4,0,40,37
34,0,1,1,8,0,0,30,0,0,0,1,0,44,31
37,0,1,0,4,0,1,35,0,2,0,5,2,43,44
37,0,0,0,5,0,0,34,0,0,0,2,0,42,36
35,0,2,0,4,0,0,30,0,1,0,2,0,41,33
40,0,0,0,3,0,0,30,0,0,0,2,0,43,32
39,1,1,0,8,1,0,40,1,0,0,7,1,50,49
27,0,0,2,2,0,0,29,0,0,1,3,0,31,33
32,0,1,0,2,0,0,31,1,0,0,2,1,35,35
36,0,0,0,6,0,0,35,0,1,0,2,0,42,38
33,0,0,0,0,0,0,31,0,0,0,5,1,33,37
34,0,0,1,2,0,0,34,0,0,0,9,0,37,43
35,0,1,1,1,0,0,31,0,1,1,3,0,38,36
36,0,2,0,0,0,0,31,1,0,2,2,0,38,36
30,0,0,0,2,0,0,29,0,0,0,1,0,32,30
31,0,0,0,4,1,0,34,0,0,1,1,0,36,36
34,0,0,0,2,0,0,35,0,0,0,1,0,36,36
36,0,1,1,4,0,0,32,0,0,0,4,0,42,36
33,0,0,0,3,0,0,30,0,0,0,0,0,36,30
33,0,0,0,7,0,0,36,0,0,1,3,0,40,40
37,0,0,1,3,0,0,34,0,0,0,7,0,41,41
32,1,1,1,1,0,0,30,0,0,0,2,0,36,32
33,0,0,0,6,0,0,32,0,1,0,3,0,39,36
30,0,0,0,3,0,0,27,0,0,1,4,0,33,32
34,0,0,0,3,0,0,30,0,0,0,1,0,37,31
30,0,0,0,3,0,0,26,0,0,0,4,0,33,30
30,0,0,1,5,1,0,35,0,0,0,2,1,37,38
33,0,1,0,4,0,0,30,0,0,0,3,0,38,33
36,0,0,1,4,0,0,34,0,0,2,6,0,41,42
33,1,0,1,4,0,0,35,0,0,1,0,0,39,36
42,0,0,0,4,0,0,31,0,0,0,5,0,46,36
34,0,1,0,0,0,0,34,0,0,1,2,0,35,37
31,0,0,1,0,0,0,30,1,0,1,1,1,32,34
37,0,1,0,4,0,0,33,0,0,1,5,0,42,39
33,0,0,0,1,0,0,42,0,0,0,5,0,34,47
33,0,2,2,4,0,0,37,0,0,0,1,0,41,38
40,0,0,2,2,1,0,33,0,0,0,2,0,45,35
39,0,0,0,4,0,0,40,0,0,0,4,0,43,44
35,1,2,0,5,0,0,36,0,0,0,3,0,43,39
49,0,0,0,7,1,0,45,0,0,0,4,2,57,51
29,0,0,1,1,0,0,28,0,0,1,10,0,31,39
32,0,1,0,5,0,0,34,0,1,0,2,0,38,37
32,0,0,0,3,0,0,38,0,1,1,8,0,35,48
35,0,1,0,2,0,0,35,0,2,1,2,0,38,40
43,0,1,0,5,0,0,33,0,0,0,2,0,49,35
43,0,0,0,3,0,0,33,0,0,1,1,0,46,35
33,0,1,0,3,0,0,32,0,0,1,3,0,37,36
35,0,1,0,6,0,0,31,0,0,0,2,0,42,33
38,0,0,1,4,0,0,37,0,0,0,1,0,43,38
34,0,0,0,10,1,0,34,0,0,0,0,0,45,34
31,1,0,0,4,0,0,30,0,0,0,2,0,36,32
36,1,0,2,3,0,0,34,0,0,0,3,0,42,37
34,0,0,0,4,0,0,37,0,0,0,3,1,38,41
37,0,0,1,5,0,0,33,0,0,0,1,0,43,34
34,0,0,1,3,0,0,31,0,1,0,4,0,38,36
36,0,0,0,6,0,0,34,0,0,0,1,0,42,35
35,0,0,1,1,0,0,34,0,0,0,7,1,37,42
35,0,0,0,0,0,0,32,0,1,1,1,0,35,35
34,0,0,0,4,0,0,36,0,0,0,3,0,38,39
34,0,1,0,0,0,0,39,0,0,1,1,0,35,41
31,0,0,0,2,0,0,31,0,0,0,5,0,33,36
32,0,0,0,2,0,0,32,0,1,1,2,0,34,36
50,0,0,1,4,1,0,47,0,0,1,7,2,56,57
34,0,0,2,0,0,0,32,0,0,0,3,0,36,35
33,0,1,0,4,0,0,36,0,0,0,3,0,38,39
36,0,0,0,7,0,0,36,0,0,1,3,0,43,40
36,0,0,0,1,0,0,32,0,1,0,5,0,37,38
33,0,0,0,1,0,0,30,0,1,0,2,0,34,33
39,0,0,1,6,0,0,35,0,0,2,3,0,46,40
34,1,0,0,2,0,0,33,0,0,0,9,0,37,42
33,1,1,1,2,0,0,35,0,0,1,5,0,38,41
33,0,0,0,6,0,0,32,0,0,0,1,0,39,33
30,0,0,0,1,0,0,33,1,0,0,2,0,31,36
33,0,0,1,8,0,0,38,0,1,1,3,0,42,43
31,0,0,1,6,0,0,36,0,0,0,1,0,38,37
42,0,0,0,2,0,0,28,0,0,0,3,0,44,31
39,0,1,0,7,0,0,38,0,0,0,2,1,47,41
32,0,1,0,5,1,0,29,1,0,0,7,0,39,37
34,0,0,0,3,0,0,32,0,1,0,4,0,37,37
33,0,0,1,5,1,0,39,0,0,0,5,0,40,44
34,0,0,0,2,0,0,34,0,0,1,1,0,36,36
30,0,0,0,1,0,0,32,0,0,0,3,1,31,36
38,0,0,0,4,0,0,37,0,0,0,6,1,42,44
39,0,0,1,4,0,0,34,0,1,0,4,1,44,40
34,0,0,0,1,0,0,34,0,0,0,1,0,35,35
35,0,0,1,1,0,0,31,0,1,0,2,0,37,34
31,0,0,0,1,0,0,35,0,0,0,1,0,32,36
34,0,0,0,4,0,0,30,0,0,0,5,0,38,35
38,0,0,0,5,0,0,42,0,0,2,3,0,43,47
39,0,1,1,7,0,0,30,0,1,0,3,0,48,34
32,0,0,1,5,0,0,41,0,0,0,6,0,38,47
35,0,0,0,3,0,0,30,0,0,0,3,0,38,33
33,0,0,0,3,0,0,27,0,2,0,5,1,36,35
38,0,0,1,5,0,0,29,0,0,0,4,0,44,33
37,0,0,1,5,0,0,32,0,0,1,3,0,43,36
33,0,0,0,4,0,0,32,0,1,0,2,0,37,35
27,0,0,0,0,0,0,28,0,1,0,2,0,27,31
33,0,0,0,4,0,0,32,0,0,0,7,0,37,39
34,0,0,0,1,0,0,26,0,1,1,1,0,35,29
35,0,0,0,0,0,0,33,0,0,1,3,0,35,37
33,0,0,0,5,0,0,33,0,0,0,3,0,38,36
34,0,2,1,5,0,0,33,0,1,0,1,0,42,35
41,0,0,0,1,0,0,34,0,0,0,6,0,42,40
32,0,0,0,1,0,0,35,0,2,0,7,0,33,44
35,0,0,1,0,0,0,33,0,0,0,3,0,36,36
35,0,0,1,2,0,0,30,0,0,1,3,0,38,34
31,1,0,0,3,1,0,29,0,0,0,1,0,36,30
35,0,1,1,0,0,0,29,0,1,1,2,1,37,34
33,0,0,0,1,0,0,32,0,0,0,0,0,34,32
37,1,0,0,6,1,0,35,0,0,1,1,0,45,37
32,0,0,0,2,0,0,28,0,0,0,3,0,34,31
32,0,1,0,1,0,0,30,0,1,0,2,0,34,33
32,0,0,0,2,0,0,33,0,0,0,5,0,34,38
38,0,1,0,3,0,0,37,0,1,0,4,0,42,42
39,1,0,1,3,0,0,40,0,0,0,3,0,44,43
30,0,0,1,1,0,0,31,0,0,0,1,0,32,32
31,0,0,0,3,0,0,32,0,0,0,2,0,34,34
34,0,0,0,1,0,0,31,0,1,0,5,0,35,37
29,0,0,1,0,0,0,28,0,1,0,2,0,30,31
28,0,0,1,6,0,0,30,0,0,1,2,0,35,33
33,2,0,1,5,0,0,30,0,0,0,4,0,41,34
32,0,0,0,3,0,0,31,0,0,0,3,0,35,34
38,0,0,0,0,0,0,32,1,0,0,2,0,38,35
29,0,3,1,5,0,0,35,0,0,0,4,0,38,39
33,0,0,1,8,0,0,41,0,0,0,0,0,42,41
31,0,0,1,4,0,0,32,0,1,0,3,1,36,37
31,0,0,0,3,0,0,30,1,1,0,1,0,34,33
30,0,0,0,0,0,0,26,0,0,0,8,0,30,34
35,0,0,1,4,1,0,33,0,0,2,5,0,41,40
35,0,0,0,3,0,0,36,0,1,0,5,0,38,42
45,0,0,0,3,1,0,39,0,1,0,6,1,49,47
38,0,0,0,3,0,0,33,0,0,0,5,0,41,38
37,0,0,0,9,0,0,34,0,1,0,6,0,46,41
35,1,0,1,3,0,0,31,0,0,0,2,0,40,33
41,0,0,2,5,0,0,33,0,0,0,2,0,48,35
38,0,0,0,2,0,0,33,0,0,0,5,1,40,39
31,0,1,0,2,0,0,33,0,0,0,5,0,34,38
30,0,0,0,0,0,0,28,0,0,1,3,0,30,32
29,0,0,1,2,0,0,26,0,0,0,4,0,32,30
40,0,0,0,10,0,0,34,0,0,0,5,0,50,39
33,0,0,0,5,0,0,30,0,0,2,4,0,38,36
32,0,0,0,3,0,0,37,0,0,1,5,0,35,43
36,0,0,0,2,0,0,31,0,0,0,2,0,38,33
37,0,0,0,5,1,0,32,0,0,0,2,0,43,34
33,0,0,0,2,0,0,34,0,0,0,6,0,35,40
35,0,1,1,2,0,0,35,0,0,1,3,0,39,39
38,0,0,0,2,0,0,31,0,0,0,4,1,40,36
31,0,0,1,3,0,0,33,0,0,0,2,0,35,35
36,0,0,0,3,0,0,32,0,0,1,2,0,39,35
35,0,0,0,2,0,0,30,0,0,0,1,0,37,31
35,0,1,0,8,0,0,35,0,0,0,1,0,44,36
28,0,0,0,4,0,0,33,0,0,0,1,0,32,34
36,0,0,0,2,0,0,32,0,0,0,3,0,38,35
34,0,0,0,4,0,0,35,0,1,0,3,1,38,40
37,0,0,0,4,0,0,32,0,0,1,1,0,41,34
36,0,0,0,5,0,0,37,0,2,0,4,1,41,44
30,0,0,0,1,0,0,29,0,0,2,2,0,31,33
52,0,1,0,1,0,0,30,0,0,1,3,0,54,34
37,0,0,1,2,0,0,29,0,1,0,3,1,40,34
28,0,0,0,2,0,0,32,0,0,0,6,0,30,38
35,0,0,0,4,0,0,40,0,1,0,3,0,39,44
35,0,2,1,3,0,0,31,0,0,0,3,0,41,34
32,0,0,0,1,0,0,28,0,0,0,1,0,33,29
35,0,0,0,7,0,0,38,0,0,0,5,1,42,44
37,0,0,0,3,1,0,33,0,0,1,3,0,41,37
31,0,0,0,3,0,0,31,0,1,0,3,0,34,35
33,0,0,0,5,0,0,30,0,1,0,4,0,38,35
29,0,2,0,3,0,0,29,0,0,0,1,0,34,30
36,0,0,0,4,0,0,35,0,1,2,2,0,40,40
39,0,0,0,4,0,0,32,0,1,1,3,0,43,37
35,0,1,0,3,0,0,33,0,0,1,5,0,39,39
33,0,0,1,1,0,0,34,0,0,0,5,0,35,39
34,0,0,0,1,0,0,34,1,0,1,3,0,35,39
36,0,0,1,1,0,0,34,0,2,0,3,0,38,39
40,0,1,1,4,0,0,33,0,0,0,4,0,46,37
32,0,0,1,3,1,0,34,0,0,0,2,0,37,36
38,0,0,1,5,0,0,33,0,0,0,9,0,44,42
38,0,0,1,2,0,0,30,0,0,0,2,1,41,33
35,0,0,1,7,0,0,38,0,0,1,4,0,43,43
30,0,0,0,0,0,0,32,0,0,1,11,0,30,44
34,0,0,0,4,0,0,28,0,0,0,5,0,38,33
30,0,0,0,0,0,0,28,0,0,2,3,1,30,34
33,0,1,0,5,0,0,30,0,0,0,6,0,39,36
41,0,0,0,3,0,0,33,0,0,0,2,0,44,35
33,0,1,0,7,0,0,34,0,1,0,2,0,41,37
43,1,1,0,3,0,0,29,0,0,0,2,0,48,31
35,0,1,2,3,0,0,34,0,0,0,2,0,41,36
48,0,0,0,1,0,0,30,0,0,0,5,0,49,35
41,0,0,0,4,0,0,35,0,0,0,2,0,45,37
39,0,0,1,5,0,0,34,0,0,0,1,0,45,35
31,0,2,0,6,0,0,29,0,0,1,2,0,39,32
43,0,0,0,3,0,1,30,0,0,1,7,0,47,38
41,0,0,1,9,0,0,39,0,0,0,5,0,51,44
34,0,0,0,1,0,0,32,0,0,0,9,0,35,41
35,0,0,3,4,0,0,34,0,0,0,0,0,42,34
34,0,0,0,2,0,1,32,0,0,0,1,0,37,33
41,1,0,0,1,0,0,34,0,0,1,3,0,43,38
34,0,0,1,6,0,0,34,0,1,1,2,0,41,38
31,1,0,0,4,0,0,30,0,0,0,0,0,36,30
35,0,1,0,5,1,0,31,0,0,1,1,0,42,33
37,0,0,1,3,0,0,32,0,1,1,5,0,41,39
38,0,0,1,2,0,0,36,0,1,1,2,0,41,40
32,0,1,0,3,0,0,32,0,0,1,1,0,36,34
37,0,0,0,9,2,0,37,0,0,1,7,0,48,45
37,0,0,0,2,0,0,30,0,0,1,2,0,39,33
32,0,0,0,5,0,0,38,0,0,0,2,0,37,40
31,0,0,0,1,0,0,34,0,1,0,4,0,32,39
35,0,0,1,5,0,0,33,0,0,0,5,0,41,38
36,0,0,1,3,0,0,38,0,0,1,2,0,40,41
33,0,0,0,5,0,0,32,0,0,0,1,1,38,34
33,0,1,0,3,1,0,31,1,1,1,4,0,38,38
29,0,0,1,3,0,0,34,0,1,0,1,0,33,36
36,0,0,0,3,0,0,36,0,0,0,3,0,39,39
35,0,0,0,4,0,0,33,0,0,0,0,0,39,33
32,0,0,0,3,0,0,44,0,0,1,0,0,35,45
38,0,0,0,7,0,0,35,0,0,0,5,0,45,40
38,0,0,0,7,0,0,39,0,0,0,3,0,45,42
32,1,1,1,1,0,0,31,0,0,1,4,0,36,36
34,0,0,1,2,1,0,30,0,0,0,8,1,38,39
32,0,0,0,1,0,0,29,0,1,0,3,0,33,33
34,0,0,1,2,0,0,35,0,0,0,4,1,37,40
37,0,1,0,4,0,0,34,0,1,0,8,1,42,44
35,0,0,0,5,0,0,33,0,0,0,1,0,40,34
31,0,0,1,2,0,0,29,0,0,0,6,0,34,35
30,0,1,1,5,0,0,36,0,0,0,0,0,37,36
38,0,0,1,3,0,0,30,0,0,1,5,0,42,36
35,0,1,0,6,1,0,36,0,0,0,5,1,43,42
38,0,2,0,4,1,0,40,0,0,0,3,0,45,43
38,0,0,0,4,0,0,33,0,1,0,3,0,42,37
27,0,0,1,1,0,0,26,0,1,0,2,0,29,29
32,0,0,0,2,0,0,29,0,1,0,3,0,34,33
34,0,0,0,0,0,0,43,0,0,0,4,0,34,47
42,1,0,2,3,0,0,29,0,0,0,0,0,48,29
35,0,1,0,1,0,0,32,0,0,0,2,0,37,34
35,0,1,2,5,0,0,34,0,0,1,1,0,43,36
34,0,1,0,4,0,0,30,0,0,0,5,0,39,35
43,0,0,0,5,0,0,35,0,0,1,3,0,48,39
33,0,0,0,2,0,0,30,0,0,4,4,0,35,38
43,0,0,1,2,0,0,33,0,0,1,4,0,46,38
34,0,0,0,3,0,0,28,0,1,0,3,0,37,32
32,0,0,0,3,0,0,30,0,0,0,4,0,35,34
33,0,0,2,3,0,0,35,0,1,1,2,0,38,39
37,0,1,0,8,1,0,33,1,0,0,8,0,47,42
27,0,0,0,1,0,0,28,1,0,0,3,0,28,32
31,0,0,0,2,0,0,30,0,0,0,7,0,33,37
31,0,0,1,1,0,0,28,0,1,0,2,0,33,31
35,0,1,0,3,0,0,32,0,1,1,3,0,39,37
40,0,1,0,6,0,0,39,0,0,0,3,0,47,42
31,0,1,1,3,0,0,30,1,1,0,3,0,36,35
41,0,0,0,4,1,0,34,0,1,0,4,0,46,39
32,0,0,0,5,0,0,27,0,1,0,5,0,37,33
29,0,0,0,1,0,0,28,0,0,0,6,0,30,34
39,0,1,0,4,0,0,36,0,0,0,4,0,44,40
29,0,0,2,6,0,0,36,0,0,0,4,0,37,40
29,0,0,0,2,0,0,35,0,0,0,3,0,31,38
31,0,0,0,6,0,0,31,1,0,1,3,0,37,36
39,0,0,2,3,1,0,37,0,0,0,7,1,45,45
28,0,0,0,1,0,0,27,2,0,0,5,0,29,34
35,0,0,1,1,0,0,29,0,0,0,3,0,37,32
36,2,0,2,3,0,0,35,0,1,0,1,0,43,37
43,0,0,0,5,0,0,39,0,0,0,4,0,48,43
35,0,0,1,3,0,0,36,0,0,0,1,0,39,37
38,0,0,2,4,0,0,38,0,1,0,3,0,44,42
36,0,0,0,3,0,0,35,0,1,0,1,0,39,37
38,0,0,3,5,0,0,32,0,0,2,2,0,46,36
34,0,0,1,3,1,0,29,0,0,0,4,0,39,33
32,1,0,0,2,1,0,32,0,0,0,1,0,36,33
34,0,0,0,4,0,0,34,0,0,0,0,0,38,34
36,0,0,0,1,0,0,35,0,0,0,4,0,37,39
36,0,1,2,2,0,0,28,0,1,0,3,0,41,32
31,0,1,0,1,0,0,26,1,1,1,4,0,33,33
32,0,0,0,3,0,0,32,0,0,0,5,1,35,38
38,0,0,0,4,0,0,32,0,1,0,2,0,42,35
37,0,0,0,1,0,0,34,0,1,1,3,1,38,40
30,0,0,0,3,0,0,31,0,0,0,4,0,33,35
32,0,0,0,3,0,0,28,0,0,0,2,0,35,30
40,0,0,1,5,0,0,38,0,0,2,5,0,46,45
31,0,0,0,3,0,0,35,0,1,0,2,0,34,38
31,0,0,0,2,0,0,32,0,0,0,0,0,33,32
33,0,0,0,3,0,0,32,0,0,0,0,0,36,32
39,0,0,0,5,0,0,35,0,0,2,3,0,44,40
30,0,0,0,5,0,0,30,0,0,0,2,0,35,32
30,0,0,0,1,0,1,30,0,0,1,3,0,32,34
38,0,0,0,4,0,0,34,0,1,0,3,0,42,38
33,0,0,0,3,0,0,31,0,0,0,3,0,36,34
33,0,0,1,3,0,0,34,0,0,0,3,0,37,37
37,0,0,0,1,0,0,31,0,0,0,3,0,38,34
34,0,0,1,1,1,0,29,0,0,0,3,0,37,32
28,0,0,1,1,0,0,29,0,1,0,1,0,30,31
34,0,1,0,5,0,0,31,0,0,1,5,0,40,37
36,0,0,1,4,0,0,36,0,1,0,10,0,41,47
33,0,0,0,1,0,0,33,0,0,1,4,0,34,38
36,0,0,1,3,0,0,36,0,2,2,7,0,40,47
35,0,0,0,5,0,0,33,1,0,0,3,0,40,37
32,0,0,1,4,0,0,29,2,0,0,1,0,37,32
29,0,0,0,2,0,0,32,1,1,0,5,0,31,39
31,0,0,0,0,0,0,35,0,0,0,4,0,31,39
34,0,1,0,2,0,0,31,0,0,1,2,0,37,34
37,0,1,0,2,0,0,35,0,0,2,4,0,40,41
37,0,0,1,4,0,0,33,0,0,1,6,0,42,40
32,0,0,0,4,0,0,32,1,0,1,2,2,36,38
38,0,0,0,3,0,0,33,0,1,0,8,0,41,42
35,0,1,1,4,0,0,35,0,0,2,4,0,41,41
38,0,0,1,3,0,0,32,1,0,0,2,0,42,35
37,0,0,0,5,0,0,43,0,0,0,5,0,42,48
39,0,0,0,4,1,0,34,0,0,0,6,0,44,40
33,0,0,0,3,0,0,31,0,0,0,0,0,36,31
33,0,0,0,4,0,0,29,0,0,0,3,0,37,32
32,0,0,0,1,0,0,35,0,1,0,3,0,33,39
34,0,0,0,6,0,0,33,0,0,0,1,0,40,34
32,0,0,1,3,0,0,34,0,0,0,1,0,36,35
33,0,0,1,3,0,0,32,0,0,0,4,0,37,36
37,0,1,1,3,0,0,31,0,0,0,3,0,42,34
39,0,1,1,7,0,0,34,0,1,0,1,0,48,36
33,0,1,0,5,0,0,31,0,1,0,6,0,39,38
31,0,0,0,1,0,0,34,0,0,0,4,0,32,38
31,0,0,0,1,0,0,31,0,0,1,2,0,32,34
35,0,0,0,0,0,0,27,0,0,0,0,0,35,27
28,0,0,0,2,0,0,32,0,0,0,2,0,30,34
34,0,0,1,1,0,0,39,0,0,0,5,0,36,44
29,0,0,0,4,0,0,27,0,0,0,1,0,33,28
34,0,1,0,3,0,0,35,0,0,0,1,0,38,36
29,0,0,0,4,0,0,33,0,0,0,7,0,33,40
32,0,1,3,4,0,1,26,0,2,0,10,0,41,38
31,0,0,1,3,0,0,32,0,1,0,3,0,35,36
36,0,0,0,5,0,0,30,0,0,0,4,0,41,34
30,0,1,0,3,0,0,36,0,0,0,3,0,34,39
46,0,0,1,1,0,0,37,0,0,2,1,0,48,40
30,0,0,0,3,0,0,32,0,0,1,3,1,33,37
34,0,1,0,5,0,0,38,0,0,2,7,0,40,47
39,0,1,1,11,0,0,36,0,0,0,3,0,52,39
30,0,0,0,0,0,0,32,0,0,0,3,0,30,35
38,0,0,0,1,1,0,37,0,0,1,7,1,40,46
30,0,0,0,3,0,0,27,0,0,0,0,0,33,27
40,0,0,1,5,0,0,33,0,0,0,5,0,46,38
33,0,0,0,3,0,0,30,1,0,0,3,0,36,34
35,0,2,2,8,0,0,32,0,0,1,3,0,47,36
34,0,0,1,5,0,0,29,0,0,1,6,0,40,36
37,0,1,0,4,0,0,37,0,0,0,2,0,42,39
31,0,0,1,1,0,0,30,0,0,0,4,0,33,34
31,0,0,0,2,0,0,30,1,0,0,4,0,33,35
34,0,0,1,3,0,0,35,0,0,0,3,0,38,38
30,0,0,0,1,0,0,28,0,0,0,5,0,31,33
30,0,1,1,6,0,0,38,0,0,0,0,0,38,38
35,0,0,0,2,0,0,35,0,1,1,0,0,37,37
34,1,0,2,3,0,0,35,0,0,0,3,1,40,39
27,0,0,1,3,0,0,31,0,0,0,1,0,31,32
31,0,0,0,1,0,0,40,0,1,2,0,0,32,43
41,0,0,0,8,0,0,33,0,0,1,7,0,49,41
30,0,0,1,5,0,0,39,1,0,1,2,0,36,43
40,0,0,0,1,0,0,34,0,0,0,1,0,41,35
29,0,0,0,4,0,0,31,0,0,1,6,0,33,38
33,0,0,0,4,0,0,33,0,0,0,1,0,37,34
29,0,0,3,4,0,0,29,0,0,0,1,0,36,30
28,0,0,1,0,0,0,31,0,0,0,5,0,29,36
31,0,0,0,0,0,0,26,0,0,0,6,0,31,32
43,0,0,0,5,0,0,46,0,0,0,5,0,48,51
37,0,1,3,5,1,0,32,0,0,0,2,0,47,34
34,0,1,0,5,0,0,36,0,0,2,3,1,40,42
36,1,0,0,2,0,0,35,0,0,0,1,0,39,36
31,0,0,1,3,0,0,30,0,2,0,3,0,35,35
31,0,0,0,2,0,0,32,0,1,0,5,0,33,38
34,0,0,0,4,0,0,36,0,0,1,2,0,38,39
36,0,0,1,3,0,0,35,0,0,0,4,0,40,39
29,0,0,1,3,0,0,30,0,0,0,1,0,33,31
33,0,0,0,0,0,0,27,0,0,0,2,0,33,29
31,0,0,0,2,0,0,29,0,0,1,5,0,33,35
32,0,0,0,2,0,0,32,0,0,0,4,0,34,36
41,0,0,0,2,0,0,35,0,0,0,5,0,43,40
32,0,1,0,7,0,0,30,0,0,0,4,0,40,34
34,0,0,0,4,0,0,34,0,0,1,2,0,38,37
39,0,0,0,2,0,0,39,0,1,0,4,0,41,44
30,0,0,1,5,0,0,32,0,0,0,4,0,36,36
31,0,2,0,5,0,0,35,0,0,1,2,0,38,38
29,0,0,1,9,0,0,30,0,0,1,2,0,39,33
32,0,1,0,1,0,0,31,0,0,0,2,0,34,33
30,0,0,0,2,0,0,35,0,0,0,3,1,32,39
52,2,1,0,5,0,0,51,1,1,0,8,3,60,64
33,2,1,0,4,0,2,36,0,1,0,2,0,42,39
34,0,0,1,2,0,0,35,0,0,0,1,0,37,36
30,0,0,0,3,0,0,32,0,0,1,3,0,33,36
35,0,1,0,1,0,0,38,0,0,1,4,1,37,44
34,0,1,0,0,0,0,29,0,1,0,3,0,35,33
35,0,0,0,5,0,0,31,0,0,0,1,0,40,32
32,0,0,1,4,0,1,35,0,0,0,3,0,38,38
36,0,0,1,3,0,0,32,0,0,0,3,0,40,35
33,0,0,1,3,1,0,31,0,0,0,4,0,38,35
32,0,0,2,1,0,0,28,0,0,0,1,0,35,29
37,0,1,1,4,0,0,36,0,0,1,5,0,43,42
41,0,0,1,1,0,0,33,0,0,0,2,0,43,35
34,0,0,0,3,0,0,33,0,0,0,5,0,37,38
37,0,0,2,5,0,0,30,0,0,1,2,0,44,33
37,0,0,1,5,0,0,33,0,2,0,6,0,43,41
32,0,0,0,2,0,0,32,1,0,0,3,0,34,36
34,0,0,1,4,0,0,28,0,0,1,1,0,39,30
39,0,0,0,6,0,0,34,0,0,0,4,0,45,38
40,0,0,1,1,0,0,33,0,1,1,2,0,42,37
35,0,0,0,1,0,0,36,0,0,0,1,0,36,37
32,0,1,0,5,0,0,31,1,0,1,0,0,38,33
31,1,0,2,5,0,0,36,0,0,2,6,0,39,44
32,0,0,0,4,0,0,35,0,0,0,4,1,36,40
30,0,0,2,2,0,0,30,0,0,0,4,0,34,34
38,0,0,0,3,0,0,37,0,1,1,5,0,41,44
37,0,0,0,3,0,0,33,0,0,1,3,0,40,37
33,0,1,2,2,0,0,37,0,1,1,3,0,38,42
35,0,0,0,0,0,0,36,0,2,0,5,0,35,43
37,0,0,0,2,0,1,34,0,0,0,3,1,40,38
32,0,0,0,1,0,0,31,0,0,0,3,0,33,34
36,0,0,0,6,0,0,36,0,1,0,4,0,42,41
33,1,0,0,2,0,0,33,0,0,0,3,0,36,36
31,0,0,0,3,0,0,33,0,0,0,3,0,34,36
34,0,0,1,6,0,0,36,0,1,0,2,0,41,39
39,0,0,1,5,0,0,33,0,2,2,3,0,45,40
38,0,0,1,3,0,0,35,0,0,1,2,0,42,38
37,0,0,0,6,1,0,35,0,0,0,3,0,44,38
36,0,1,1,4,0,0,43,1,0,0,3,0,42,47
35,1,1,0,3,0,0,36,0,1,0,6,0,40,43
33,0,0,0,3,0,0,28,0,0,0,2,0,36,30
28,0,0,0,3,0,0,34,0,0,1,3,0,31,38
44,0,1,0,8,0,0,49,0,0,0,6,1,53,56
45,0,0,0,5,0,0,34,0,0,0,1,0,50,35
32,0,0,0,3,0,0,36,0,0,1,4,0,35,41
31,0,1,1,2,0,0,31,0,1,0,2,0,35,34
37,0,1,2,0,0,0,37,0,0,2,5,0,40,44
34,0,1,0,2,0,0,31,0,1,0,3,0,37,35
41,1,1,1,7,0,0,33,0,0,1,5,0,51,39
41,0,0,0,3,0,0,42,0,0,0,2,0,44,44
40,0,1,2,4,0,0,37,0,1,1,5,1,47,45
30,0,0,0,3,0,0,32,0,0,0,7,0,33,39
30,0,0,0,5,0,0,32,0,1,1,2,0,35,36
38,0,0,0,1,0,0,35,0,0,1,3,0,39,39
30,1,0,0,2,0,0,28,1,0,1,3,0,33,33
34,0,0,1,2,0,0,32,0,0,0,6,0,37,38
33,1,1,0,5,1,0,37,0,0,2,2,0,41,41
35,0,1,0,4,0,0,37,0,0,0,5,0,40,42
37,0,1,0,2,0,0,37,0,0,0,7,0,40,44
40,0,0,1,3,0,0,34,0,0,1,6,0,44,41
35,0,0,1,3,1,0,35,0,0,1,1,0,40,37
29,0,0,0,2,0,0,33,0,0,0,5,0,31,38
40,0,0,0,3,0,0,39,0,0,0,2,0,43,41
33,0,0,1,2,0,0,32,0,0,1,1,0,36,34
30,0,1,0,2,0,0,32,0,1,0,3,0,33,36
37,0,0,0,4,0,0,41,0,0,1,3,0,41,45
33,0,1,0,4,0,0,33,0,0,0,3,0,38,36
36,0,0,0,0,0,0,33,0,0,1,1,0,36,35
33,0,0,0,2,0,0,41,0,0,2,2,0,35,45
32,0,0,0,1,0,0,27,0,0,0,7,0,33,34
35,0,1,0,5,0,0,31,0,0,0,4,0,41,35
30,0,1,1,8,0,0,32,0,1,0,1,0,40,34
34,0,0,1,5,0,0,34,0,0,0,3,0,40,37
40,0,0,0,4,1,0,34,0,0,0,1,0,45,35
34,0,0,0,2,0,0,31,0,2,0,3,0,36,36
33,0,0,0,2,0,0,33,1,1,1,5,1,35,42
40,0,0,0,3,0,0,39,0,0,0,8,1,43,48
41,0,0,0,1,0,0,35,0,0,0,8,0,42,43
34,0,0,0,2,0,0,36,0,0,0,2,0,36,38
40,0,0,1,2,0,0,35,0,0,0,3,0,43,38
36,0,0,0,4,0,0,33,0,0,0,1,0,40,34
36,0,0,1,1,0,0,31,0,0,0,6,0,38,37
33,0,0,1,2,0,0,33,0,0,0,7,1,36,41
33,0,0,0,0,0,0,33,1,1,0,7,1,33,43
32,0,0,0,4,0,0,28,0,0,0,6,0,36,34
36,0,0,0,0,0,0,35,1,0,0,5,0,36,41
39,0,1,2,6,1,0,42,0,0,1,4,1,49,48
29,0,1,1,5,0,0,28,0,0,0,7,0,36,35
30,0,0,2,0,0,0,30,0,1,1,1,0,32,33
34,0,0,0,4,0,0,31,0,0,1,5,0,38,37
35,0,0,0,4,0,0,38,0,1,0,0,0,39,39
36,0,0,0,2,0,0,40,0,0,1,3,0,38,44
33,0,0,1,1,0,0,33,0,0,0,3,0,35,36
34,0,0,1,5,0,0,29,0,0,1,4,0,40,34
34,0,1,0,1,0,0,32,0,0,0,1,0,36,33
33,0,0,1,1,0,0,32,0,0,1,0,0,35,33
32,0,0,0,0,0,0,32,0,0,0,6,0,32,38
30,0,0,0,2,0,0,32,0,0,0,3,0,32,35
35,0,1,0,4,0,0,31,0,0,0,2,0,40,33
33,0,0,0,2,0,0,35,0,1,0,4,0,35,40
34,0,0,0,4,0,0,27,1,1,0,2,0,38,31
43,0,0,1,5,0,0,31,0,0,1,1,0,49,33
31,0,0,0,3,0,0,30,0,0,1,3,0,34,34
36,0,0,1,2,0,0,34,0,0,1,3,0,39,38
30,0,0,1,3,0,0,27,1,1,0,3,0,34,32
32,0,1,0,7,1,0,33,0,0,0,2,0,41,35
38,1,0,1,8,0,0,31,0,1,0,4,0,48,36
37,0,0,0,4,0,0,35,1,0,1,7,0,41,44
27,0,0,0,1,0,0,27,0,0,0,3,0,28,30
44,0,1,0,4,3,0,43,2,0,0,2,1,52,48
43,0,0,0,5,0,0,41,0,0,0,5,1,48,47
34,0,0,0,1,0,0,31,0,0,0,4,0,35,35
43,0,1,0,4,0,0,35,0,0,0,7,0,48,42
37,0,0,3,4,0,0,42,0,0,0,7,0,44,49
35,0,1,1,2,0,0,31,0,0,2,2,0,39,35
34,0,1,2,3,1,0,35,1,0,2,3,0,41,41
30,0,0,0,3,0,0,28,0,1,0,6,0,33,35
35,0,0,0,7,0,0,31,0,0,2,5,0,42,38
35,0,1,2,2,0,0,29,0,1,1,4,1,40,36
37,0,2,0,2,0,0,33,0,0,0,1,0,41,34
31,0,0,0,1,0,0,35,0,0,0,4,0,32,39
32,0,0,1,3,0,0,29,1,0,0,3,0,36,33
37,0,0,1,4,0,0,43,0,0,0,5,1,42,49
33,0,0,1,3,0,0,31,1,0,0,2,0,37,34
35,0,1,0,3,0,0,34,0,0,2,2,0,39,38
34,0,0,0,1,0,1,35,0,0,0,2,0,36,37
33,0,0,0,0,0,0,29,0,0,0,4,0,33,33
33,0,1,1,6,0,0,38,0,1,0,6,0,41,45
37,0,0,1,2,0,0,33,0,0,1,3,1,40,38
33,0,0,0,0,0,0,42,0,1,2,2,0,33,47
38,0,0,0,4,0,0,27,0,0,0,2,0,42,29
38,0,0,2,5,1,0,31,0,0,0,6,0,46,37
39,0,0,0,2,1,0,32,1,1,0,7,1,42,42
36,0,0,1,4,0,0,34,0,1,1,1,0,41,37
38,0,0,0,3,0,0,36,0,0,1,1,0,41,38
33,0,0,0,2,0,0,31,0,0,0,3,0,35,34
41,0,0,0,3,0,0,30,0,0,0,2,0,44,32
36,0,0,1,7,0,0,33,0,0,1,3,0,44,37
33,0,0,0,9,0,0,34,0,0,0,4,0,42,38
33,0,0,0,1,0,0,30,1,0,0,0,0,34,31
36,0,0,0,2,0,0,34,0,0,0,1,0,38,35
37,0,0,0,3,0,0,36,0,0,0,1,0,40,37
31,0,2,2,2,0,0,32,0,0,0,1,0,37,33
37,1,0,0,2,0,0,32,0,0,0,5,0,40,37
40,0,1,1,4,0,0,33,0,1,0,1,0,46,35
33,0,0,0,1,0,0,31,0,0,0,2,0,34,33
39,0,0,0,3,0,0,33,0,0,0,4,0,42,37
35,0,0,0,3,0,1,37,1,0,1,3,1,39,43
31,0,0,1,4,0,0,28,0,0,0,5,0,36,33
29,0,1,0,2,0,0,32,0,1,0,2,0,32,35
41,0,0,2,2,0,0,36,0,0,0,2,0,45,38
31,0,0,1,1,0,0,31,0,0,0,0,0,33,31
37,0,0,0,3,0,0,36,0,0,2,5,0,40,43
32,0,0,0,0,0,0,30,0,0,2,5,0,32,37
36,0,0,0,2,0,0,34,0,0,1,2,0,38,37
35,0,0,1,9,0,0,29,0,0,0,1,0,45,30
33,1,1,1,5,0,0,30,0,0,1,5,0,41,36
30,0,1,0,6,0,0,29,0,1,0,3,0,37,33
32,0,0,0,2,0,0,32,0,0,0,1,0,34,33
32,0,0,0,4,0,0,27,0,0,0,4,0,36,31
33,0,0,0,6,0,0,29,1,1,1,2,0,39,34
35,0,0,0,4,0,0,35,0,1,1,1,0,39,38
37,0,0,0,0,0,0,35,0,0,1,1,0,37,37
34,0,1,2,8,0,0,31,1,0,0,8,0,45,40
38,0,0,0,4,1,0,35,1,0,0,1,1,43,38
30,0,1,0,2,0,0,28,0,0,0,5,0,33,33
31,0,0,0,0,0,0,32,0,1,0,5,0,31,38
32,0,0,1,1,0,0,33,0,1,0,1,0,34,35
37,0,0,0,4,1,0,32,0,1,1,3,0,42,37
36,0,0,0,6,0,0,30,0,0,0,0,0,42,30
34,0,1,1,2,0,0,35,0,0,0,1,0,38,36
28,0,1,0,4,0,0,28,0,0,0,5,0,33,33
30,0,0,0,0,0,0,33,0,0,0,3,0,30,36
37,0,2,1,3,0,0,31,0,0,0,4,0,43,35
37,0,0,0,4,0,0,34,1,1,1,3,0,41,40
41,0,0,0,3,0,0,32,0,0,3,6,0,44,41
36,0,1,0,4,0,0,40,0,0,0,2,0,41,42
28,0,0,0,3,0,0,31,0,1,0,2,0,31,34
32,0,0,0,1,0,0,32,0,0,1,2,0,33,35
30,0,0,0,3,0,0,30,0,1,0,5,0,33,36
37,0,0,0,0,0,0,37,0,0,2,5,0,37,44
35,0,0,0,2,0,0,35,0,0,0,4,0,37,39
41,0,2,0,5,0,0,29,0,0,0,1,0,48,30
32,0,0,1,1,0,0,33,0,1,1,1,0,34,36
37,0,0,1,3,0,0,32,0,0,0,0,0,41,32
35,0,0,0,4,0,0,31,0,0,0,4,0,39,35
40,0,0,1,2,0,0,31,0,1,1,2,0,43,35
36,0,0,0,3,0,0,39,0,0,0,2,0,39,41
31,0,1,1,3,0,0,33,0,0,0,1,0,36,34
39,0,0,1,3,0,1,37,0,0,0,2,0,44,39
52,0,0,1,6,0,0,33,0,0,1,0,0,59,34
35,0,1,0,5,1,0,28,0,1,1,6,0,42,36
39,0,0,0,6,0,0,40,1,1,0,3,1,45,46
33,0,0,0,1,0,0,33,0,0,0,3,0,34,36
32,0,0,0,4,0,0,30,0,0,0,4,0,36,34
40,0,0,0,2,0,0,32,0,1,1,2,0,42,36
40,0,0,0,2,0,0,32,0,0,0,3,0,42,35
38,0,0,0,1,0,0,34,0,0,0,5,0,39,39
36,0,1,1,3,0,0,35,0,0,0,1,0,41,36
31,0,0,0,4,0,0,31,0,0,2,3,0,35,36
35,0,0,0,2,0,0,32,0,0,0,2,0,37,34
34,0,0,0,3,0,0,28,0,0,0,2,0,37,30
36,0,1,1,2,0,0,34,0,0,0,1,0,40,35
35,0,0,1,2,0,0,35,0,1,1,4,0,38,41
36,0,1,1,9,0,0,36,1,0,0,6,0,47,43
31,0,1,1,3,1,0,26,0,2,0,3,0,37,31
40,0,0,0,2,0,0,37,0,1,1,2,0,42,41
32,0,0,0,1,0,0,32,0,0,0,0,0,33,32
37,1,0,2,3,0,0,31,0,0,2,7,0,43,40
38,0,1,2,1,0,0,34,0,0,0,6,0,42,40
34,1,0,0,4,0,0,33,0,0,0,5,0,39,38
33,0,1,0,4,0,0,34,0,1,2,2,0,38,39
29,0,0,0,2,0,0,29,0,0,0,1,0,31,30
32,0,0,1,3,0,0,29,0,0,1,1,0,36,31
35,0,1,0,5,0,0,39,0,0,1,2,0,41,42
39,1,0,0,4,0,0,35,0,0,0,3,0,44,38
38,0,0,0,2,0,0,29,0,0,0,3,1,40,33
30,0,0,1,3,0,0,30,0,1,0,3,1,34,35
29,0,0,0,3,0,0,33,0,1,0,9,0,32,43
33,0,0,0,2,0,0,31,0,0,0,2,0,35,33
34,0,0,1,5,0,0,30,0,1,0,1,0,40,32
29,0,0,0,2,0,0,29,0,0,0,2,0,31,31
34,0,0,2,3,0,0,32,0,1,1,9,0,39,43
36,0,0,0,3,0,0,34,0,2,0,5,0,39,41
35,0,2,0,3,0,0,34,0,0,1,3,0,40,38
34,0,0,0,2,0,0,32,0,2,0,2,0,36,36
31,0,1,1,5,0,0,34,0,0,0,2,0,38,36
34,1,0,0,3,0,0,32,0,0,1,1,0,38,34
34,0,1,1,1,0,0,27,0,0,0,4,0,37,31
31,0,0,0,7,0,0,33,0,0,1,0,0,38,34
35,0,0,0,3,0,0,38,1,1,0,2,0,38,42
33,0,0,0,1,0,0,30,0,1,0,4,0,34,35
34,0,0,0,2,0,0,27,0,0,0,10,0,36,37
32,0,0,0,2,0,0,28,0,1,2,6,0,34,37
45,0,0,1,1,0,0,34,0,0,0,2,0,47,36
33,0,0,0,3,0,0,29,0,0,1,1,0,36,31
33,0,0,0,3,0,0,26,1,0,0,3,0,36,30
39,0,1,1,6,0,0,37,0,1,0,6,2,47,46
30,1,0,0,2,0,0,34,0,1,1,6,0,33,42
32,0,0,0,2,0,0,34,0,0,0,0,0,34,34
32,0,0,0,2,0,0,35,0,0,0,1,0,34,36
30,0,0,0,1,0,0,28,0,1,0,3,0,31,32
39,0,0,0,2,0,0,36,0,0,0,3,0,41,39
34,0,1,0,8,0,0,33,0,0,1,5,0,43,39
36,0,0,2,3,0,0,33,0,0,0,3,0,41,36
34,0,0,0,3,0,0,33,0,0,2,3,0,37,38
36,1,1,1,8,0,0,36,1,0,2,1,0,47,40
44,0,0,0,4,0,0,38,0,0,0,1,0,48,39
46,0,0,1,4,0,0,39,0,0,0,5,0,51,44
32,1,0,0,6,0,0,33,0,0,0,1,0,39,34
41,0,0,0,8,0,0,32,0,0,1,3,0,49,36
38,0,1,0,5,0,0,27,0,0,0,0,0,44,27
32,0,0,0,4,0,0,33,0,0,0,0,0,36,33
32,0,0,0,0,0,0,40,0,0,0,5,0,32,45
32,0,0,0,1,0,0,35,0,0,0,0,0,33,35
33,0,0,1,4,0,0,33,0,0,0,3,0,38,36
34,0,0,0,0,0,0,35,1,0,0,1,0,34,37
44,0,1,2,3,0,0,32,0,1,0,0,0,50,33
34,0,1,1,4,0,0,34,0,0,1,3,0,40,38
33,0,1,0,5,0,0,30,0,1,0,2,0,39,33
44,0,0,0,8,0,0,29,0,0,0,2,0,52,31
36,0,0,2,5,0,0,37,0,0,0,3,1,43,41
32,0,0,0,2,1,0,31,0,0,0,1,0,35,32
39,0,1,0,2,0,0,32,0,1,1,2,0,42,36
38,0,1,3,4,0,0,32,0,2,0,4,0,46,38
37,0,0,0,6,0,0,36,0,1,0,3,0,43,40
32,0,0,1,3,0,0,26,0,0,2,2,0,36,30
35,0,0,0,1,0,0,37,0,1,1,3,0,36,42
32,0,0,1,3,0,0,34,0,2,1,2,0,36,39
40,1,1,0,3,0,0,40,1,0,0,2,0,45,43
35,0,0,0,1,0,0,34,1,0,0,2,0,36,37
35,0,0,0,5,1,0,35,0,1,0,1,0,41,37
34,0,0,0,1,0,0,34,0,0,0,1,0,35,35
35,0,1,3,3,0,0,37,0,0,0,3,0,42,40
31,0,1,1,7,0,0,31,0,0,1,3,0,40,35
40,0,0,1,2,0,0,31,0,0,0,3,0,43,34
35,0,2,1,9,0,0,37,0,0,1,1,0,47,39
37,0,0,0,5,0,0,32,0,2,0,2,0,42,36
43,0,1,0,4,0,0,30,0,0,1,7,0,48,38
33,1,1,0,2,0,0,31,0,0,0,4,0,37,35
35,0,1,0,1,0,0,29,0,0,0,2,0,37,31
33,0,0,0,2,0,0,33,0,0,1,1,0,35,35
35,0,0,0,3,0,0,32,0,0,0,2,0,38,34
36,0,2,3,3,0,0,33,0,0,0,5,0,44,38
38,0,0,1,2,0,0,36,0,0,0,3,0,41,39
30,0,0,0,2,0,0,27,0,0,1,1,0,32,29
37,0,0,0,0,0,0,41,0,1,1,5,0,37,48
38,0,1,0,5,0,0,34,0,0,1,3,0,44,38
34,0,0,0,7,0,0,36,0,1,0,6,0,41,43
33,1,2,0,3,0,0,32,0,0,1,5,0,39,38
37,0,0,1,4,0,0,30,0,0,1,3,0,42,34
32,0,0,0,2,0,0,30,0,0,1,0,0,34,31
36,0,1,0,4,0,0,27,0,3,1,3,0,41,34
37,0,0,2,7,1,0,40,0,1,0,6,0,47,47
31,0,0,0,2,0,0,36,0,1,1,3,0,33,41
27,0,0,0,4,0,0,38,0,0,0,2,0,31,40
39,0,1,1,2,0,0,35,0,0,0,5,0,43,40
35,0,0,0,1,0,0,33,0,0,0,2,0,36,35
40,0,0,1,0,0,0,38,0,1,2,3,0,41,44
34,0,0,0,1,0,0,27,0,0,2,5,0,35,34
39,0,0,0,4,0,0,37,0,3,3,1,0,43,44
33,0,0,3,7,1,0,34,0,0,1,6,0,44,41
32,0,0,0,3,0,0,34,0,0,0,5,0,35,39
35,1,0,1,3,0,0,34,1,0,0,1,0,40,36
29,1,0,0,5,0,0,32,1,0,1,2,0,35,36
32,0,0,0,3,0,0,30,0,0,0,1,0,35,31
32,0,0,1,3,0,0,29,0,0,2,4,1,36,36
32,0,1,0,3,0,0,37,2,1,2,5,0,36,47
35,0,2,1,5,0,0,36,0,0,1,4,0,43,41
35,0,1,0,1,0,0,33,0,0,2,5,0,37,40
37,0,0,0,3,0,0,32,0,1,1,2,0,40,36
39,0,0,0,4,0,0,32,0,0,0,2,0,43,34
30,0,1,3,4,0,0,34,0,0,1,1,0,38,36
36,0,1,2,2,0,0,28,0,0,0,2,0,41,30
37,0,0,1,3,0,0,32,0,1,1,8,0,41,42
38,0,0,0,6,0,0,34,0,1,0,5,0,44,40
37,0,1,1,2,0,0,34,0,0,0,2,0,41,36
34,0,0,2,2,0,0,34,0,0,0,1,0,38,35
32,0,0,0,2,0,0,35,0,0,0,3,0,34,38
36,0,0,0,3,0,0,34,0,2,0,4,0,39,40
38,0,0,0,0,0,0,32,1,0,0,2,0,38,35
40,0,0,1,3,0,0,39,1,1,0,1,0,44,42
32,0,1,1,6,0,0,35,0,0,0,6,0,40,41
38,0,1,0,7,0,0,38,0,1,0,3,0,46,42
33,0,1,1,3,0,0,43,0,0,1,6,0,38,50
43,0,1,0,3,0,0,39,0,1,2,2,0,47,44
31,0,1,1,5,0,0,33,0,0,1,5,0,38,39
39,0,0,2,1,0,1,32,0,0,0,0,0,43,32
38,1,1,1,7,0,0,33,0,1,1,4,0,48,39
36,0,0,0,6,1,0,36,0,0,0,1,0,43,37
33,0,0,0,5,0,0,32,0,0,1,1,0,38,34
37,0,0,0,5,0,1,39,0,0,0,3,2,43,44
31,1,0,1,1,0,0,36,0,0,0,2,0,34,38
27,0,0,0,4,0,0,37,0,0,0,4,0,31,41
29,0,1,0,1,0,0,34,0,0,2,2,0,31,38
34,0,0,0,4,0,0,30,0,1,1,6,1,38,39
34,0,0,1,0,0,0,34,0,0,0,1,0,35,35
32,0,0,0,6,1,0,30,0,0,0,1,0,39,31
36,0,0,0,5,0,0,27,0,1,3,6,0,41,37
37,0,0,0,7,0,0,36,0,0,0,6,0,44,42
34,0,0,1,3,0,0,34,0,0,0,3,0,38,37
32,1,0,0,3,0,0,29,0,0,1,11,2,36,43
33,0,0,0,0,0,0,31,0,1,1,4,0,33,37
42,0,0,2,8,0,0,34,0,0,1,4,0,52,39
35,0,0,0,0,0,0,31,0,0,0,3,0,35,34
44,0,0,0,2,0,0,33,0,0,4,3,0,46,40
40,0,1,0,1,0,0,28,0,1,0,4,0,42,33
34,0,0,0,1,0,0,31,0,0,0,3,0,35,34
30,0,0,0,0,0,0,27,0,0,1,6,0,30,34
37,0,0,0,4,0,1,32,0,0,0,2,0,42,34
43,0,0,0,3,0,0,31,0,0,0,5,0,46,36
42,0,0,2,3,0,0,29,0,0,0,1,0,47,30
30,0,0,0,1,0,0,31,0,0,0,2,0,31,33
32,0,0,1,4,1,0,35,0,0,0,2,0,38,37
35,0,0,1,3,0,0,28,0,1,0,7,0,39,36
33,1,0,1,3,0,0,38,0,0,1,2,0,38,41
36,0,1,0,4,1,0,36,0,1,1,6,0,42,44
41,0,0,1,2,0,0,36,0,0,0,3,1,44,40
39,0,0,0,0,0,0,34,0,0,0,0,0,39,34
34,0,0,0,5,0,0,35,0,0,0,2,0,39,37
29,0,0,0,0,0,0,35,0,1,0,5,0,29,41
31,0,0,1,4,0,0,33,0,0,0,1,0,36,34
45,0,1,2,8,0,0,32,0,0,0,2,0,56,34
39,0,0,1,0,0,0,35,0,0,0,3,0,40,38
33,0,0,1,2,0,0,34,0,0,0,6,0,36,40
34,0,0,0,2,0,0,35,0,0,0,5,1,36,41
36,0,0,0,0,0,1,35,0,0,0,0,0,37,35
29,0,0,0,7,0,0,36,0,0,0,7,1,36,44
40,1,0,2,6,0,0,38,0,0,0,4,0,49,42
34,0,0,0,2,0,0,29,1,0,1,0,0,36,31
36,0,1,0,3,0,0,32,0,0,0,2,0,40,34
32,0,0,0,2,0,0,34,0,0,0,2,1,34,37
43,0,0,0,1,0,0,34,0,0,1,4,0,44,39
28,0,0,0,1,0,0,30,0,0,0,1,0,29,31
41,0,0,2,5,0,0,33,0,0,0,1,0,48,34
38,0,0,1,8,0,0,33,0,0,0,0,0,47,33
30,1,2,0,4,0,0,33,0,0,0,2,0,37,35
32,0,0,0,4,0,0,27,0,0,0,2,0,36,29
31,0,0,0,1,0,0,30,0,0,0,3,0,32,33
34,0,0,0,2,0,0,31,2,0,0,6,1,36,40
35,0,1,0,2,0,0,34,0,0,3,5,1,38,43
34,0,0,1,0,0,0,31,0,1,0,5,0,35,37
38,0,1,0,2,0,0,35,0,0,0,4,0,41,39
29,0,0,0,3,0,1,30,0,0,0,2,0,33,32
35,0,0,0,2,0,0,34,0,0,0,1,0,37,35
34,0,0,0,2,0,0,35,0,0,0,1,0,36,36
35,0,0,1,1,0,0,38,0,1,2,1,0,37,42
34,0,0,0,3,0,0,34,0,0,0,0,0,37,34
37,0,1,0,2,0,0,39,0,1,0,4,0,40,44
26,0,0,1,3,0,0,28,0,0,0,3,0,30,31
32,0,0,1,6,0,0,28,0,0,0,2,0,39,30
32,0,0,0,4,0,0,34,0,0,0,3,0,36,37
32,0,0,1,1,0,0,29,0,0,0,5,0,34,34
34,0,0,0,5,0,0,31,0,0,1,2,0,39,34
30,1,1,0,3,0,0,29,2,0,0,3,0,35,34
31,0,0,1,2,0,0,36,0,0,0,0,0,34,36
30,0,0,0,3,0,0,30,0,0,0,3,1,33,34
28,0,0,5,2,0,0,32,0,0,0,4,0,35,36
31,0,0,0,0,0,0,28,1,0,0,3,0,31,32
34,0,0,0,3,0,0,35,0,0,1,2,0,37,38
36,0,0,1,5,0,0,29,0,1,2,4,0,42,36
31,1,0,2,4,0,0,34,1,1,0,2,0,38,38
33,0,0,2,1,0,0,33,0,0,0,2,0,36,35
33,0,0,0,4,0,0,40,0,0,0,0,0,37,40
33,0,0,2,1,0,0,29,0,0,1,1,0,36,31
44,0,0,1,4,0,0,31,0,0,1,1,0,49,33
32,1,1,0,5,0,0,38,0,0,0,2,0,39,40
35,0,0,0,0,0,0,33,0,0,0,5,0,35,38
28,0,0,0,1,0,0,30,0,1,2,9,0,29,42
39,0,1,0,1,0,0,35,0,0,0,2,0,41,37
30,0,0,0,3,0,0,29,0,0,1,2,0,33,32
34,0,0,0,1,0,0,31,0,0,0,3,0,35,34
32,0,0,0,9,0,0,28,0,0,1,1,0,41,30
37,0,0,0,4,0,0,34,0,0,0,5,0,41,39
37,0,0,1,3,0,0,31,0,2,0,3,0,41,36
38,0,0,0,2,0,0,35,1,0,2,1,0,40,39
36,1,0,1,6,1,0,37,1,0,0,2,0,45,40
32,0,0,1,2,0,0,34,0,0,0,2,0,35,36
35,0,1,0,6,0,0,32,0,1,1,6,0,42,40
34,0,0,0,3,0,0,33,0,0,1,4,0,37,38
35,0,0,0,4,2,0,39,0,0,1,5,0,41,45
33,0,0,0,2,0,0,38,0,1,2,1,0,35,42
36,1,0,0,0,0,0,36,0,0,0,5,0,37,41
32,0,0,0,3,0,0,35,0,0,1,4,0,35,40
32,0,0,0,3,0,0,28,0,0,0,3,0,35,31
34,0,1,0,3,0,0,32,0,0,1,2,0,38,35
38,0,0,2,3,1,0,27,0,0,0,3,0,44,30
34,0,0,1,5,0,0,35,0,0,0,5,0,40,40
30,0,0,1,6,0,0,35,0,0,1,5,0,37,41
30,0,0,2,4,0,0,33,1,0,0,3,0,36,37
36,1,1,1,3,0,0,38,0,1,1,1,0,42,41
44,0,1,0,4,1,0,44,0,0,0,4,1,50,49
37,0,1,0,3,0,0,35,0,0,0,2,0,41,37
34,0,1,0,4,0,0,34,0,0,0,2,0,39,36
36,0,1,0,3,1,0,32,0,1,0,0,0,41,33
35,1,0,1,7,0,0,35,0,1,0,4,0,44,40
35,0,0,0,1,0,0,28,0,0,0,6,0,36,34
34,0,0,0,1,0,0,26,0,1,0,5,0,35,32
35,0,0,0,1,0,0,28,0,1,0,5,0,36,34
38,1,0,0,2,0,0,32,0,0,1,3,0,41,36
40,0,0,0,3,0,0,29,0,1,1,8,0,43,39
34,0,1,0,5,0,0,33,0,0,0,3,0,40,36
38,0,1,2,8,2,0,41,0,0,0,3,0,51,44
33,0,0,0,4,0,0,33,0,0,1,1,0,37,35
42,0,1,0,3,0,0,41,1,1,1,2,0,46,46
37,0,1,1,5,1,0,36,0,1,1,6,0,45,44
31,0,0,0,5,0,0,37,0,0,1,5,0,36,43
43,0,0,1,5,0,0,36,0,0,1,5,1,49,43
35,0,0,1,1,0,0,29,0,1,2,3,0,37,35
32,0,0,1,0,0,0,34,0,0,0,0,0,33,34
32,0,0,1,3,0,0,31,0,1,1,4,0,36,37
32,0,0,0,1,0,0,29,0,0,0,2,0,33,31
35,0,0,0,4,0,0,31,0,0,0,3,0,39,34
28,0,0,2,8,0,0,33,0,1,0,3,0,38,37
36,0,1,2,1,0,0,36,0,0,0,2,0,40,38
36,0,0,1,4,0,0,32,0,0,0,1,0,41,33
39,0,0,2,4,0,0,31,0,0,0,3,0,45,34
38,0,0,1,1,0,0,33,0,1,0,4,0,40,38
35,0,1,0,6,0,0,36,0,0,1,8,1,42,46
35,0,0,0,3,0,0,32,0,0,0,4,0,38,36
31,0,0,1,4,0,0,32,0,0,0,2,1,36,35
34,0,2,0,4,0,0,27,0,0,1,3,0,40,31
38,0,1,1,3,0,0,30,0,0,1,4,0,43,35
31,0,1,1,1,0,0,31,0,0,0,1,0,34,32
45,1,0,1,3,0,0,37,0,0,0,4,0,50,41
35,0,0,0,3,0,0,41,0,1,1,4,1,38,48
37,0,1,0,8,0,0,39,0,0,1,3,0,46,43
34,0,0,1,2,0,0,31,0,0,1,1,0,37,33
40,0,0,1,6,0,0,33,0,1,1,8,0,47,43
33,0,0,0,0,0,0,35,0,0,0,2,0,33,37
40,0,0,0,2,0,0,31,0,0,0,1,0,42,32
39,0,1,0,2,0,0,34,0,0,0,6,1,42,41
29,0,0,0,3,0,0,29,0,0,1,3,0,32,33
43,0,0,1,8,0,0,35,0,0,0,3,0,52,38
37,0,1,0,7,0,0,34,0,1,1,2,0,45,38
32,0,0,0,1,0,0,31,0,0,0,3,1,33,35
40,0,1,1,5,0,0,34,0,0,1,1,0,47,36
32,0,0,1,4,0,0,32,0,0,0,4,0,37,36
35,0,2,0,7,0,0,31,0,0,1,3,0,44,35
36,0,0,0,5,0,0,30,0,0,0,2,0,41,32
36,1,0,2,0,0,0,32,0,1,0,6,0,39,39
31,0,0,2,2,0,0,28,0,0,0,0,0,35,28
35,0,0,0,1,0,0,28,0,0,1,4,0,36,33
30,0,0,0,1,0,0,27,0,1,1,5,0,31,34
37,0,0,0,3,0,0,34,0,0,0,0,0,40,34
36,1,0,0,1,0,0,33,0,0,0,4,0,38,37
37,0,0,0,1,0,0,34,0,0,0,3,0,38,37
35,0,0,1,3,0,0,30,0,0,0,11,1,39,42
33,0,0,0,4,0,0,32,0,1,0,4,1,37,38
35,0,0,0,1,0,0,31,0,0,2,2,0,36,35
33,0,0,0,4,0,0,32,0,0,1,3,0,37,36
36,0,0,0,6,0,0,31,0,0,1,0,0,42,32
33,0,0,0,1,0,0,33,0,0,1,2,0,34,36
35,0,0,1,4,1,0,33,0,0,1,3,0,41,37
33,0,0,1,2,0,0,31,0,0,0,1,0,36,32
35,0,0,0,7,0,0,33,0,0,1,4,0,42,38
28,0,0,0,2,0,0,33,0,0,0,4,0,30,37
33,0,2,0,2,0,0,30,0,0,0,5,0,37,35
33,0,0,0,3,0,0,29,0,0,1,2,0,36,32
31,0,1,0,4,0,0,29,0,0,0,1,0,36,30
32,0,0,0,2,0,0,30,1,0,0,2,0,34,33
31,0,0,1,0,0,0,32,0,0,3,2,0,32,37
33,1,2,0,0,0,0,36,0,0,2,3,0,36,41
30,0,0,1,3,0,0,29,0,0,1,8,0,34,38
34,0,0,2,5,0,0,33,0,0,0,1,0,41,34
34,0,0,0,4,0,0,33,0,0,2,7,1,38,43
36,0,0,1,3,0,0,34,0,0,0,2,0,40,36
32,0,1,1,3,0,0,30,0,0,0,5,0,37,35
31,0,0,0,2,0,0,30,0,0,1,2,0,33,33
35,0,0,1,1,0,0,30,0,0,1,5,0,37,36
38,1,0,0,0,0,0,33,0,1,0,3,0,39,37
34,0,0,0,8,0,0,36,1,0,0,3,0,42,40
36,0,0,0,2,0,0,33,0,1,0,3,0,38,37
35,0,0,0,2,0,0,32,0,0,1,4,0,37,37
36,0,0,1,1,0,0,29,0,0,2,2,0,38,33
36,0,0,0,1,0,0,32,0,1,1,5,0,37,39
32,0,0,0,6,0,0,34,1,0,0,5,1,38,41
29,0,0,0,2,0,0,31,0,0,0,1,0,31,32
37,1,0,1,8,1,0,26,0,2,0,8,0,48,36
36,0,1,0,5,0,0,38,0,0,1,5,0,42,44
30,1,0,0,1,0,0,31,0,0,1,1,0,32,33
32,0,0,2,1,0,0,33,0,1,0,2,0,35,36
33,0,0,0,5,0,0,30,0,2,0,2,0,38,34
29,0,1,0,3,0,0,37,0,0,1,2,0,33,40
34,0,0,1,3,1,0,30,0,0,2,3,0,39,35
35,0,0,0,1,0,0,33,0,0,0,3,0,36,36
28,0,0,1,1,0,0,28,0,0,0,1,0,30,29
43,0,1,0,5,0,0,35,0,0,0,2,0,49,37
36,0,0,0,3,0,0,29,0,0,0,4,0,39,33
33,0,0,0,2,0,0,30,0,1,0,2,0,35,33
32,0,0,0,5,0,0,28,0,0,0,8,0,37,36
41,0,0,1,4,0,0,33,0,0,2,0,0,46,35
33,1,0,0,5,0,0,31,0,0,0,4,0,39,35
41,0,1,0,7,0,0,35,0,0,1,1,0,49,37
35,0,0,0,3,0,0,31,0,1,1,2,0,38,35
35,0,0,1,5,0,0,33,0,0,0,2,0,41,35
36,0,0,0,4,1,0,32,1,1,0,3,1,41,38
33,0,0,1,0,0,0,31,0,1,0,3,0,34,35
30,0,0,0,5,0,0,34,0,1,0,2,0,35,37
37,0,0,0,3,0,0,33,0,1,0,1,0,40,35
32,0,0,1,3,0,0,35,0,0,1,2,0,36,38
36,0,1,0,7,1,0,37,1,0,0,3,0,45,41
29,0,0,0,5,0,0,30,0,0,0,1,0,34,31
45,0,0,0,0,0,0,43,0,2,1,7,2,45,55
37,0,0,0,0,0,0,31,1,1,0,4,1,37,38
31,0,0,2,6,0,0,31,1,0,1,3,0,39,36
30,1,0,2,2,0,0,31,1,0,2,5,0,35,39
35,1,0,0,2,0,0,30,0,0,2,6,0,38,38
34,0,0,0,2,0,0,33,0,0,0,5,0,36,38
36,0,1,0,5,0,0,36,1,1,1,5,0,42,44
44,0,0,0,3,0,0,39,0,0,0,7,1,47,47
32,0,0,0,1,0,0,29,0,0,0,8,0,33,37
33,0,0,0,1,0,0,31,0,1,0,4,0,34,36
38,0,0,0,6,0,0,32,0,0,0,4,0,44,36
38,0,0,1,5,0,0,32,0,0,2,3,0,44,37
35,0,0,1,0,0,0,36,0,0,0,1,0,36,37
31,0,0,0,1,0,0,35,0,0,0,0,0,32,35
36,0,1,0,7,0,0,33,0,2,0,7,0,44,42
38,0,0,0,2,0,0,33,1,0,0,3,1,40,38
32,0,0,0,4,0,0,32,0,0,0,2,0,36,34
39,0,1,1,7,1,0,38,0,1,0,5,0,49,44
33,0,0,2,3,0,0,35,0,0,1,4,0,38,40
34,0,0,0,5,0,0,34,0,0,0,0,0,39,34
30,0,0,0,7,0,0,34,0,0,1,2,0,37,37
31,1,0,1,1,0,0,28,0,1,0,4,1,34,34
39,0,0,0,0,0,0,33,0,0,0,2,0,39,35
34,0,0,1,3,0,0,34,0,0,2,6,0,38,42
39,0,1,0,1,0,0,31,0,1,0,2,0,41,34
30,0,0,0,2,0,0,32,0,0,0,0,0,32,32
39,0,1,0,4,0,0,43,0,0,0,1,1,44,45
33,0,0,0,3,0,0,31,0,1,0,1,0,36,33
35,0,1,1,4,0,0,33,0,1,0,5,0,41,39
39,0,0,1,3,0,0,31,0,1,1,8,0,43,41
28,0,0,0,2,0,0,30,0,0,0,2,0,30,32
40,0,0,0,3,0,0,41,0,1,0,3,0,43,45
35,0,1,1,5,0,0,33,0,0,1,3,0,42,37
32,0,0,0,0,0,0,32,0,0,0,1,0,32,33
34,0,0,0,1,0,0,31,0,0,1,3,0,35,35
32,0,0,1,0,0,0,29,0,0,2,5,0,33,36
33,0,0,0,2,0,0,32,0,0,0,3,0,35,35
33,0,0,0,2,0,0,30,0,0,2,5,1,35,38
31,0,0,2,2,0,0,32,0,0,0,2,0,35,34
37,0,0,3,6,0,0,38,0,0,0,2,0,46,40
38,0,0,0,4,0,0,32,0,0,1,8,0,42,41
43,0,0,1,4,0,0,32,0,0,1,4,0,48,37
36,0,0,0,4,0,0,39,0,0,0,0,0,40,39
30,0,1,1,3,0,0,27,0,1,0,5,0,35,33
36,1,1,0,2,1,0,31,0,0,0,1,0,41,32
29,1,1,1,4,0,1,28,0,1,3,3,0,37,35
41,0,0,2,5,0,0,35,0,0,0,3,0,48,38
39,0,0,1,3,0,0,34,0,0,1,2,0,43,37
36,0,1,0,1,0,0,26,0,0,0,3,0,38,29
40,0,0,0,4,0,0,32,0,0,1,5,0,44,38
37,0,0,1,3,1,0,37,0,0,0,3,0,42,40
37,0,0,0,3,0,0,36,0,1,0,5,0,40,42
43,1,0,1,1,0,0,38,0,0,1,4,0,46,43
34,0,0,1,3,1,0,34,0,0,0,6,0,39,40
37,0,0,2,3,0,0,34,0,1,0,0,0,42,35
32,0,0,0,2,0,0,31,0,0,0,5,0,34,36
33,0,0,0,6,1,0,31,0,0,0,2,0,40,33
33,0,0,0,5,0,0,31,0,1,0,7,0,38,39
32,1,0,0,0,0,0,33,0,0,0,1,0,33,34
30,0,1,1,5,0,0,33,0,0,0,2,0,37,35
29,0,0,0,4,0,0,29,0,0,0,1,0,33,30
32,0,0,1,1,0,0,30,0,0,0,6,0,34,36
31,0,1,5,3,0,0,35,0,0,0,1,0,40,36
38,0,0,3,4,0,0,35,1,0,0,2,0,45,38
35,0,0,0,4,0,0,32,0,0,0,1,1,39,34
34,0,2,0,2,0,0,30,0,0,0,3,0,38,33
32,0,1,0,3,0,0,35,1,1,0,1,0,36,38
36,1,3,1,8,0,0,37,0,0,0,0,0,49,37
33,0,1,0,3,0,0,27,0,0,0,2,0,37,29
33,0,0,0,2,0,0,34,0,0,0,2,0,35,36
39,0,1,1,4,0,0,37,0,0,1,1,0,45,39
32,0,0,1,9,0,0,35,0,0,0,3,0,42,38
31,0,0,0,3,0,0,31,0,0,0,3,0,34,34
30,0,0,0,1,0,0,33,1,0,1,4,1,31,40
34,0,0,0,3,0,0,30,0,1,1,5,0,37,37
37,0,1,1,5,0,0,32,0,0,1,1,0,44,34
33,0,0,0,0,0,0,32,0,0,0,6,0,33,38
32,0,0,1,4,0,0,42,0,0,0,6,0,37,48
36,0,0,2,3,0,0,41,0,1,1,2,0,41,45
33,0,0,2,5,2,0,34,0,0,0,4,1,42,39
37,0,0,0,4,0,0,29,0,0,1,1,0,41,31
34,0,0,0,6,0,0,30,0,0,0,3,0,40,33
30,0,0,0,3,0,0,30,0,0,1,2,0,33,33
41,0,0,2,1,0,0,30,0,0,1,0,0,44,31
38,0,0,0,5,0,0,37,0,0,0,1,0,43,38
32,0,0,1,2,0,0,33,0,2,0,6,0,35,41
34,1,0,1,6,0,0,34,0,1,4,3,0,42,42
34,0,0,0,7,0,0,35,0,1,1,3,0,41,40
39,0,0,1,3,1,0,40,0,0,3,3,2,44,48
32,0,0,0,0,0,0,30,0,0,0,2,0,32,32
36,0,1,0,3,0,0,36,0,0,1,3,0,40,40
33,0,0,0,6,0,0,30,0,0,0,3,0,39,33
38,0,0,0,5,0,0,37,0,0,0,0,0,43,37
33,0,0,0,1,0,0,29,0,0,1,2,0,34,32
35,2,1,2,4,2,0,39,0,0,0,4,0,46,43
36,0,0,1,4,1,0,30,0,0,0,4,1,42,35
35,0,0,0,5,0,0,32,0,2,1,4,0,40,39
38,1,0,0,4,0,0,33,0,1,0,5,0,43,39
30,1,1,0,10,1,0,33,0,0,0,3,0,43,36
36,1,0,0,4,1,0,36,0,1,0,5,0,42,42
35,0,0,0,2,0,0,31,0,0,0,5,0,37,36
32,0,2,0,4,0,0,29,0,1,1,9,0,38,40
33,0,0,0,2,0,0,29,0,0,0,3,0,35,32
36,0,0,0,3,0,0,31,0,0,1,1,0,39,33
33,0,1,0,3,0,0,31,0,0,0,7,0,37,38
32,0,0,1,2,0,0,26,0,1,0,5,0,35,32
40,0,0,0,3,0,0,43,0,1,1,4,0,43,49
36,0,0,0,3,0,0,38,1,0,0,4,0,39,43
33,0,0,0,3,0,0,31,0,0,1,9,1,36,42
31,0,0,0,2,0,0,34,1,0,0,4,0,33,39
31,0,0,0,2,0,0,31,0,1,0,0,0,33,32
29,0,0,0,1,0,0,31,0,0,1,2,0,30,34
34,0,0,0,1,0,0,33,0,0,0,1,0,35,34
33,0,0,0,4,0,0,32,0,0,0,2,0,37,34
26,0,0,0,1,0,0,29,0,0,0,4,0,27,33
36,0,1,1,4,0,0,35,1,2,0,5,0,42,43
31,0,0,0,7,0,0,33,0,0,0,0,0,38,33
34,0,1,1,2,0,0,35,0,0,0,3,0,38,38
30,0,0,0,0,0,0,26,0,0,0,1,0,30,27
39,1,0,0,5,1,0,32,0,0,0,1,0,46,33
34,0,0,0,3,0,0,34,0,1,1,6,2,37,44
36,0,0,0,1,0,0,43,0,0,0,3,0,37,46
40,0,0,0,4,0,0,32,0,0,1,4,0,44,37
30,0,0,0,6,0,0,35,0,0,1,3,0,36,39
47,0,0,1,6,0,0,44,0,1,2,5,1,54,53
35,1,0,1,2,0,0,35,0,1,0,5,0,39,41
30,0,0,0,1,0,0,34,0,0,0,1,0,31,35
28,0,0,2,3,0,0,34,0,0,1,1,0,33,36
29,0,0,0,2,0,0,29,0,0,0,4,0,31,33
32,0,0,0,5,0,0,33,0,0,0,5,0,37,38
34,0,0,0,3,0,0,34,0,0,0,2,0,37,36
31,0,0,0,2,0,0,35,0,0,0,1,0,33,36
32,0,0,0,3,0,0,33,0,0,0,3,0,35,36
30,0,0,0,1,0,0,39,0,0,1,6,0,31,46
32,0,0,0,2,0,0,27,0,0,2,3,0,34,32
34,0,0,1,2,0,0,30,0,1,0,5,0,37,36
30,0,0,0,2,0,0,36,1,0,2,4,0,32,43
31,0,0,0,2,0,0,33,0,0,0,1,0,33,34
33,0,0,0,2,0,0,39,0,0,1,6,0,35,46
31,0,0,0,3,0,0,25,1,0,0,1,0,34,27
34,0,0,0,4,0,0,35,0,0,0,0,0,38,35
34,0,0,1,3,0,0,32,0,0,0,2,1,38,35
31,0,0,0,0,0,0,35,0,1,1,2,0,31,39
35,0,0,1,1,0,0,28,0,0,0,6,0,37,34
36,0,0,0,2,0,0,32,0,0,0,4,0,38,36
38,1,2,0,3,0,0,32,0,0,0,2,0,44,34
37,0,0,0,2,0,0,29,0,0,0,1,0,39,30
35,1,0,1,2,0,0,37,0,0,0,4,2,39,43
38,1,0,0,3,0,0,35,0,1,0,6,0,42,42
37,1,0,0,2,0,0,35,0,0,2,2,0,40,39
37,0,1,1,4,1,0,36,0,0,2,4,0,44,42
42,0,0,0,4,0,0,39,0,0,0,1,0,46,40
39,0,0,0,7,0,0,37,0,0,1,2,0,46,40
29,0,0,0,4,0,0,34,0,1,0,7,0,33,42
39,0,0,0,3,0,1,31,0,0,1,3,0,43,35
31,0,0,0,5,0,0,32,0,0,0,2,1,36,35
41,0,0,0,3,0,0,29,0,0,0,1,0,44,30
36,0,0,1,1,0,0,31,0,0,1,4,0,38,36
36,0,0,1,6,0,0,34,0,0,0,3,0,43,37
33,0,0,0,1,0,0,32,0,1,0,3,0,34,36
33,0,2,0,7,0,0,35,0,0,0,3,0,42,38
39,0,1,0,5,0,0,30,0,0,0,1,0,45,31
32,0,0,0,7,0,0,36,0,0,0,3,2,39,41
33,0,0,0,4,0,0,34,0,0,1,2,0,37,37
30,0,1,0,5,0,0,34,0,0,0,3,0,36,37
33,0,1,0,2,0,0,34,0,1,0,4,0,36,39
31,0,0,0,6,0,0,31,0,0,1,2,1,37,35
33,0,0,0,1,0,0,36,0,0,0,3,0,34,39
39,0,0,0,6,1,0,34,0,0,1,0,0,46,35
37,0,0,1,2,0,0,33,0,0,1,5,0,40,39
33,0,0,1,5,0,0,37,0,0,0,0,0,39,37
29,0,0,1,4,0,0,40,0,1,0,1,0,34,42
27,0,0,0,4,0,0,30,0,1,0,3,0,31,34
28,0,1,0,5,0,1,28,1,0,0,2,1,35,32
35,1,1,0,5,0,0,32,1,0,0,7,0,42,40
36,0,0,1,4,0,0,30,0,0,1,8,0,41,39
35,0,1,0,7,0,0,33,0,0,0,3,0,43,36
32,0,0,1,1,0,0,30,0,0,0,4,0,34,34
34,0,1,1,1,0,0,33,0,1,0,0,0,37,34
39,0,0,2,3,0,0,33,0,0,0,2,0,44,35
29,1,1,1,1,0,0,35,0,0,1,6,1,33,43
37,0,0,0,3,1,0,36,0,0,0,0,0,41,36
29,0,0,1,6,0,0,29,0,0,0,3,0,36,32
41,0,1,2,7,0,0,34,0,0,0,3,0,51,37
37,0,1,0,0,0,0,32,0,0,0,1,0,38,33
41,0,0,1,3,0,0,34,0,1,0,4,0,45,39
36,0,0,0,6,0,0,27,0,0,1,4,0,42,32
33,0,0,0,5,0,0,36,0,0,1,12,0,38,49
37,0,0,0,7,0,0,32,0,1,0,4,0,44,37
31,0,0,0,2,0,0,34,0,0,0,1,0,33,35
32,0,0,0,2,0,0,29,0,1,1,4,0,34,35
28,0,0,0,0,0,0,37,0,0,1,4,0,28,42
35,0,0,0,2,0,0,35,0,0,2,4,0,37,41
37,0,0,1,1,0,0,32,0,0,0,6,0,39,38
40,0,1,0,4,1,0,35,0,1,0,1,0,46,37
37,1,0,0,3,1,0,36,0,0,0,0,0,42,36
34,0,0,0,2,0,0,31,0,1,0,3,1,36,36
32,0,1,0,8,0,0,27,1,1,1,2,0,41,32
31,0,0,1,1,0,0,31,0,0,1,2,0,33,34
39,0,0,1,5,0,0,35,0,0,1,0,0,45,36
34,1,1,0,5,0,0,32,0,0,0,5,0,41,37
34,0,1,0,3,0,0,35,0,0,0,3,0,38,38
33,0,0,1,1,0,0,32,0,0,0,1,0,35,33
32,0,1,1,8,0,0,37,0,0,0,0,0,42,37
34,0,0,0,2,0,0,32,0,0,0,0,0,36,32
38,0,0,0,0,0,0,34,0,0,0,2,0,38,36
36,0,0,0,4,0,0,35,0,0,0,4,0,40,39
40,0,0,2,4,1,0,35,1,0,0,4,0,47,40
32,0,0,1,3,0,0,35,0,2,0,2,1,36,40
36,0,1,1,4,0,0,32,0,1,0,2,0,42,35
41,0,1,1,4,1,0,33,0,0,0,2,0,48,35
37,0,1,0,6,0,0,33,0,0,1,1,0,44,35
35,0,0,1,0,0,0,27,0,0,0,1,0,36,28
32,0,0,0,3,0,0,35,0,0,0,1,0,35,36
39,0,0,0,4,0,0,30,0,0,0,2,0,43,32
30,0,0,0,1,0,0,31,0,0,0,3,0,31,34
32,0,0,0,2,0,0,33,0,0,0,1,0,34,34
32,0,0,0,4,1,0,30,0,0,0,5,0,37,35
34,0,0,0,2,0,0,36,0,0,0,1,0,36,37
36,1,0,0,2,0,0,40,0,0,0,2,0,39,42
32,1,0,1,5,0,0,33,0,0,0,4,0,39,37
27,0,0,0,4,0,0,30,0,0,1,2,0,31,33
40,0,1,0,5,2,0,38,0,0,1,2,0,48,41
31,0,1,0,6,0,0,28,0,0,1,3,1,38,33
37,0,0,2,5,1,0,34,0,0,0,5,0,45,39
32,0,0,0,3,0,0,28,0,0,0,1,0,35,29
29,0,0,0,6,0,0,35,0,0,0,4,0,35,39
33,0,0,0,3,0,0,31,0,0,0,0,0,36,31
34,0,0,1,5,0,0,40,0,0,0,2,0,40,42
31,0,0,1,3,0,0,30,0,1,0,1,0,35,32
31,0,0,0,5,0,0,32,0,1,2,3,0,36,38
35,0,0,0,3,0,0,35,0,0,1,1,0,38,37
30,0,0,0,0,0,0,26,0,0,1,5,0,30,32
38,0,0,0,1,0,0,30,0,0,1,9,0,39,40
38,0,0,0,2,0,0,33,0,1,2,3,1,40,40
38,0,0,0,4,0,0,29,0,0,0,0,0,42,29
33,0,0,0,1,0,0,30,0,1,0,2,0,34,33
36,0,0,1,3,0,0,29,0,0,0,5,2,40,36
29,0,0,0,3,0,0,31,0,0,0,1,0,32,32
38,0,0,0,0,0,0,30,0,0,0,1,0,38,31
40,0,0,1,3,0,0,30,0,0,1,6,0,44,37
32,0,0,0,2,0,0,30,0,2,3,3,0,34,38
39,0,0,0,6,0,0,33,0,0,0,1,0,45,34
36,0,1,0,3,0,0,32,0,0,0,9,0,40,41
32,0,0,0,4,0,0,36,0,2,2,6,0,36,46
37,1,0,3,3,0,0,33,0,0,0,0,0,44,33
34,0,0,0,2,0,0,30,0,0,0,1,0,36,31
33,0,0,0,4,0,0,33,0,1,1,5,0,37,40
29,0,0,2,3,0,0,32,0,0,0,5,1,34,38
41,0,0,0,7,1,0,37,1,1,0,5,0,49,44
33,0,0,0,1,0,0,38,0,0,1,8,0,34,47
36,0,0,3,5,0,0,38,0,0,0,1,0,44,39
31,0,0,0,4,0,0,33,0,1,0,3,0,35,37
37,1,0,1,6,0,0,32,0,0,0,6,0,45,38
36,0,0,0,2,0,0,32,0,0,0,2,0,38,34
32,0,0,0,1,0,0,34,0,0,0,1,0,33,35
30,0,0,0,0,0,0,31,0,0,1,1,0,30,33
31,0,0,0,2,0,0,31,0,0,1,0,0,33,32
48,0,0,1,6,0,0,33,0,0,1,4,1,55,39
34,0,0,1,5,0,0,31,0,0,0,5,0,40,36
37,0,0,1,7,0,0,36,0,0,0,1,0,45,37
40,0,2,0,2,0,0,34,0,0,0,4,0,44,38
34,0,0,0,0,0,0,32,0,0,2,5,0,34,39
37,0,0,0,0,0,0,34,0,0,0,3,0,37,37
33,0,0,0,3,0,0,32,0,0,1,1,0,36,34
31,0,1,0,1,0,0,36,0,0,0,5,0,33,41
33,0,0,2,6,0,0,36,0,0,0,0,0,41,36
34,0,0,0,0,0,0,33,0,0,1,4,0,34,38
38,0,2,0,1,0,0,37,0,0,2,1,0,41,40
32,0,0,0,3,0,0,34,0,0,0,3,0,35,37
37,0,0,0,6,0,0,31,0,1,1,2,1,43,36
31,0,0,1,0,0,0,31,0,2,0,5,1,32,39
33,0,0,1,6,0,0,36,0,0,0,5,0,40,41
34,0,0,0,3,0,0,34,0,0,1,3,0,37,38
36,0,0,0,4,0,0,30,0,0,2,3,0,40,35
33,0,0,0,4,0,0,26,1,0,0,5,0,37,32
39,0,0,2,4,0,0,36,0,1,0,5,0,45,42
35,0,0,1,2,0,0,39,0,0,0,1,1,38,41
38,0,0,1,2,0,0,39,0,2,1,4,0,41,46
34,0,0,1,1,0,0,36,0,0,0,2,0,36,38
32,0,1,2,5,1,0,35,0,0,0,3,0,41,38
30,0,0,0,4,0,0,34,0,0,0,3,0,34,37
37,1,1,0,4,0,0,36,0,0,0,1,0,43,37
40,0,0,0,2,0,0,33,0,1,0,1,0,42,35
32,0,0,0,3,0,0,39,0,0,3,5,0,35,47
33,0,0,0,2,0,0,36,0,0,0,8,0,35,44
32,0,0,0,1,0,0,34,0,0,0,1,0,33,35
33,0,0,0,5,0,0,31,0,0,0,1,0,38,32
32,0,0,0,7,0,0,32,0,1,0,4,0,39,37
34,0,0,0,2,0,0,28,0,0,0,3,0,36,31
44,0,0,1,4,0,0,33,0,0,1,3,0,49,37
34,0,0,1,3,0,1,31,0,0,0,10,0,39,41
34,0,0,1,4,0,0,35,1,1,0,4,0,39,41
27,0,0,0,1,0,0,37,1,1,0,8,1,28,48
24,0,0,0,5,0,0,31,0,0,2,5,0,29,38
37,0,0,0,2,0,0,31,0,0,0,5,0,39,36
33,0,0,1,2,0,0,31,0,0,0,3,0,36,34
39,0,0,1,3,0,0,36,0,0,0,2,0,43,38
29,0,0,0,1,0,0,36,0,0,0,0,0,30,36
34,0,0,1,3,0,0,34,0,0,0,2,0,38,36
35,0,0,2,10,0,0,32,0,0,0,3,0,47,35
37,0,0,1,1,0,0,36,0,0,0,5,0,39,41
30,0,0,0,3,0,0,34,0,0,0,1,0,33,35
32,0,0,2,1,0,0,37,0,0,0,4,0,35,41
32,0,1,0,3,0,1,33,0,0,0,3,0,37,36
42,1,0,2,4,1,0,41,0,0,0,2,0,50,43
31,0,0,0,3,0,0,29,0,0,2,4,0,34,35
35,0,0,0,0,0,0,33,0,1,0,4,0,35,38
30,0,0,0,1,0,0,26,0,0,1,6,0,31,33
31,0,0,0,1,0,0,25,0,0,0,4,0,32,29
31,0,0,0,4,1,0,28,0,0,1,4,0,36,33
33,0,0,0,0,0,0,37,0,0,1,4,0,33,42
33,0,1,1,6,0,0,39,0,0,1,5,0,41,45
27,0,0,1,3,0,0,33,0,1,0,4,0,31,38
37,0,1,1,7,0,0,36,0,0,0,3,0,46,39
32,0,0,1,5,0,0,33,0,0,0,8,0,38,41
30,0,1,0,2,0,0,31,0,0,0,2,0,33,33
40,0,0,0,1,0,0,31,0,0,0,3,0,41,34
37,0,1,0,4,0,0,34,0,0,0,2,0,42,36
29,0,0,0,3,0,0,33,0,0,1,1,0,32,35
37,0,1,2,6,0,0,34,0,2,0,2,0,46,38
36,0,1,0,3,0,0,37,0,1,0,4,0,40,42
32,0,0,1,2,0,0,31,0,0,0,5,1,35,37
36,1,2,0,3,0,0,31,0,0,0,4,0,42,35
30,0,0,0,2,0,0,28,0,0,0,2,0,32,30
29,1,0,1,2,0,0,30,0,0,0,3,0,33,33
33,0,0,1,3,0,0,32,0,1,0,5,0,37,38
37,0,0,0,2,0,0,33,0,1,2,5,1,39,42
34,0,0,3,6,0,0,32,0,1,0,0,0,43,33
28,0,0,2,1,0,0,34,0,0,1,5,1,31,41
32,0,1,0,1,0,0,35,0,0,0,5,0,34,40
30,0,0,1,2,0,0,28,0,0,0,5,0,33,33
29,0,0,0,1,0,0,37,0,0,0,8,0,30,45
36,0,0,0,6,0,0,36,0,0,0,4,0,42,40
31,0,0,0,3,0,0,26,1,0,1,4,0,34,32
40,0,0,0,3,0,0,33,0,0,0,5,0,43,38
37,0,0,0,3,0,0,37,0,0,0,2,0,40,39
42,0,0,2,2,0,0,40,0,0,0,2,0,46,42
34,1,0,0,3,0,0,32,0,0,0,2,0,38,34
30,1,0,0,4,0,0,30,0,0,0,6,0,35,36
37,0,0,1,1,0,0,30,0,0,0,1,0,39,31
34,1,0,1,3,0,0,33,0,0,2,4,1,39,40
38,0,0,0,1,0,0,35,0,0,0,1,0,39,36
42,0,1,0,1,0,0,39,0,0,0,1,0,44,40
39,0,0,0,4,1,0,34,0,0,0,4,0,44,38
34,0,1,0,2,0,0,34,0,0,0,0,0,37,34
36,0,0,1,2,0,0,32,0,2,0,2,0,39,36
36,0,0,0,4,0,0,33,0,0,0,3,0,40,36
36,0,0,0,1,0,0,38,0,0,0,7,0,37,45
31,0,0,1,1,0,0,30,0,0,0,2,1,33,33
34,0,0,1,0,0,0,29,0,0,0,0,0,35,29
34,1,1,0,5,0,0,32,0,0,1,6,0,41,39
38,0,0,1,4,0,0,30,0,0,0,4,0,43,34
40,0,0,0,4,0,0,31,0,0,1,2,0,44,34
41,0,1,3,5,0,0,36,0,0,0,0,0,50,36
34,0,0,1,5,0,0,33,0,1,0,1,0,40,35
46,0,1,1,7,1,0,36,0,0,0,2,0,56,38
33,0,0,0,3,0,0,36,0,0,0,3,0,36,39
42,0,0,2,2,0,0,36,0,0,0,1,0,46,37
35,0,0,0,9,0,0,35,0,1,0,4,0,44,40
38,0,0,1,3,0,1,29,0,0,1,2,0,43,32
36,1,1,1,5,0,0,34,1,0,3,3,1,44,42
40,0,0,0,3,0,0,32,0,0,0,3,0,43,35
37,0,0,2,4,0,0,32,0,0,0,3,1,43,36
34,0,0,1,1,0,0,27,0,1,0,1,0,36,29
42,0,0,0,4,0,0,35,0,0,0,1,0,46,36
39,0,0,0,2,1,0,35,0,0,1,3,0,42,39
33,0,0,0,2,0,0,39,0,0,1,1,0,35,41
33,0,0,0,3,0,0,31,0,0,0,1,0,36,32
33,0,0,1,2,0,0,30,0,0,0,1,0,36,31
42,0,0,0,3,0,0,38,0,0,1,3,1,45,43
29,0,0,0,1,0,0,28,0,1,1,1,0,30,31
35,1,0,0,5,1,0,34,0,0,1,5,0,42,40
42,0,0,0,3,0,0,29,0,0,1,1,0,45,31
36,0,0,1,6,0,0,36,0,0,0,3,0,43,39
38,0,0,0,2,1,0,36,0,0,0,3,2,41,41
39,2,0,0,2,0,0,35,0,0,0,3,0,43,38
32,0,0,1,3,0,0,38,0,0,1,2,0,36,41
31,0,0,0,3,0,1,41,0,0,0,6,0,35,47
33,0,0,0,3,0,0,28,0,1,0,6,0,36,35
42,0,0,2,5,0,0,36,0,0,0,1,0,49,37
38,0,0,0,2,0,0,38,0,0,0,4,0,40,42
37,0,0,1,4,0,0,41,0,1,0,3,0,42,45
29,0,2,0,2,0,0,34,0,0,3,2,0,33,39
39,0,0,0,3,0,0,28,1,2,0,4,1,42,36
30,0,0,1,4,0,0,34,1,0,0,3,0,35,38
33,0,0,0,1,0,0,31,0,0,0,7,0,34,38
35,0,0,0,4,0,0,32,0,0,3,3,1,39,39
36,0,0,0,3,0,0,32,0,0,0,2,0,39,34
34,0,0,0,3,0,1,29,0,0,0,2,0,38,31
34,0,0,1,3,0,0,31,0,0,1,2,0,38,34
41,0,0,0,2,0,0,39,0,0,1,2,1,43,43
33,0,1,2,6,0,0,37,0,0,0,2,0,42,39
32,0,0,0,1,0,0,36,0,0,0,2,0,33,38
36,0,0,0,3,0,0,31,0,1,2,7,1,39,42
37,0,0,1,2,0,0,33,1,0,0,5,0,40,39
30,0,0,1,2,0,1,28,0,0,1,6,0,34,35
35,0,0,0,3,1,0,30,0,1,1,1,0,39,33
34,0,1,0,2,0,0,38,0,1,1,4,0,37,44
29,0,0,2,2,0,0,33,0,0,0,3,0,33,36
37,0,1,1,4,0,0,38,0,0,1,4,0,43,43
41,0,1,1,4,0,0,40,0,0,1,6,0,47,47
36,0,0,1,9,0,0,36,0,0,2,3,0,46,41
32,0,0,0,3,0,0,30,0,0,0,3,0,35,33
34,0,0,0,7,0,0,36,0,0,0,6,0,41,42
38,0,0,3,3,0,0,33,0,0,0,8,0,44,41
31,0,0,0,0,0,0,35,0,1,0,2,0,31,38
37,0,0,3,7,0,0,37,0,0,0,0,0,47,37
38,0,1,0,5,0,0,30,0,0,1,4,0,44,35
33,1,1,0,3,0,0,32,0,0,0,4,0,38,36
38,0,0,0,5,0,0,39,1,1,0,4,0,43,45
31,0,0,0,2,0,0,35,0,0,0,2,0,33,37
28,0,1,2,6,1,0,29,0,0,1,3,0,38,33
35,0,0,2,2,0,0,36,0,0,1,4,0,39,41
30,0,0,0,3,0,0,33,0,0,0,3,0,33,36
38,0,1,1,2,1,0,33,1,1,0,5,0,43,40
31,0,1,0,1,0,0,33,0,0,1,0,0,33,34
35,0,0,1,1,0,0,37,0,0,1,1,1,37,40
41,0,1,0,4,0,0,37,0,0,1,1,0,46,39
49,0,1,2,6,0,0,36,0,0,0,3,0,58,39
35,0,0,0,4,0,0,33,0,0,0,2,0,39,35
35,1,0,1,3,0,0,37,0,0,0,4,0,40,41
33,0,0,0,3,0,0,30,0,0,2,1,0,36,33
34,0,0,1,2,0,0,32,1,1,2,9,0,37,45
38,0,0,1,1,0,0,35,0,0,1,0,0,40,36
33,0,0,1,3,0,0,31,0,0,1,4,0,37,36
31,0,1,1,6,1,0,30,1,0,0,5,0,40,36
32,0,0,0,0,0,0,35,0,1,0,0,0,32,36
31,0,0,1,1,0,0,30,0,0,1,2,0,33,33
31,0,1,0,2,0,0,33,0,0,0,1,0,34,34
33,0,1,1,1,0,0,31,1,1,0,2,0,36,35
36,0,1,0,5,0,0,40,0,0,0,1,0,42,41
40,0,0,2,5,0,0,33,0,0,0,4,0,47,37
28,1,0,0,2,0,2,29,1,0,1,5,0,33,36
34,0,0,1,0,0,0,35,0,0,3,8,0,35,46
36,0,0,0,3,1,0,39,0,0,0,2,0,40,41
38,0,0,0,3,0,0,32,0,0,1,0,0,41,33
33,1,0,0,2,1,0,33,0,0,0,2,0,37,35
44,0,0,0,6,0,0,39,2,1,0,2,0,50,44
31,0,0,1,2,0,0,31,0,0,0,4,0,34,35
32,0,0,0,4,0,0,29,0,0,1,4,0,36,34
36,0,0,0,3,1,0,33,0,0,1,4,0,40,38
30,0,0,0,0,0,0,32,0,1,0,7,0,30,40
37,0,0,0,5,0,0,33,0,1,0,4,0,42,38
33,0,2,1,4,0,0,35,0,0,0,2,0,40,37
34,0,0,0,3,0,0,30,0,0,1,3,0,37,34
37,0,0,1,8,0,0,33,0,0,1,3,0,46,37
31,0,0,1,8,0,0,32,0,0,0,4,1,40,37
42,0,0,2,6,0,0,34,0,1,0,2,0,50,37
32,0,1,2,5,0,0,32,0,0,0,2,0,40,34
32,0,0,0,2,0,0,37,0,0,1,7,0,34,45
29,0,0,0,2,0,0,30,0,2,0,2,0,31,34
32,1,0,1,0,0,0,33,0,1,1,4,0,34,39
30,0,1,0,1,0,0,28,0,2,0,5,0,32,35
33,0,0,1,2,0,0,30,0,0,0,2,0,36,32
35,0,0,1,5,0,0,34,0,0,0,9,1,41,44
31,0,0,0,3,0,0,33,0,0,1,2,0,34,36
29,0,0,0,3,0,0,33,0,1,0,1,0,32,35
40,0,0,0,3,0,0,31,0,0,0,2,0,43,33
32,0,0,0,2,0,0,31,1,0,0,6,1,34,39
35,0,0,0,1,1,0,31,0,0,0,2,0,37,33
41,0,0,0,2,0,0,34,0,0,2,1,0,43,37
28,0,1,0,3,0,0,36,0,0,0,2,0,32,38
52,0,0,0,6,0,0,32,0,0,3,3,0,58,38
47,0,1,0,4,0,0,44,0,0,0,10,0,52,54
32,0,0,0,1,0,0,28,0,0,1,2,0,33,31
31,0,0,1,1,0,0,34,0,0,4,3,0,33,41
45,0,0,0,6,1,0,37,1,1,1,5,1,52,46
37,0,1,0,0,0,0,32,0,0,0,1,0,38,33
43,0,1,0,5,0,0,34,0,1,0,1,0,49,36
34,0,0,0,2,0,0,34,0,0,0,5,0,36,39
36,0,0,0,4,1,0,30,1,0,1,2,0,41,34
38,0,0,1,2,1,0,31,0,0,0,6,1,42,38
32,0,0,0,2,0,0,30,1,1,0,4,0,34,36
37,1,0,1,5,0,0,31,0,0,0,5,0,44,36
28,0,0,0,2,0,0,35,0,0,1,5,0,30,41
43,0,1,3,7,0,0,36,0,0,0,9,0,54,45
35,0,0,0,6,0,0,33,0,0,0,0,0,41,33
35,0,0,0,4,0,0,28,0,0,0,2,0,39,30
33,0,1,0,1,0,0,34,0,0,1,5,0,35,40
27,1,0,1,2,0,0,36,0,0,0,4,0,31,40
33,0,0,1,3,0,0,33,0,0,0,6,0,37,39
32,0,0,0,1,0,0,30,0,0,1,2,0,33,33
40,0,0,1,1,0,0,30,0,0,1,2,0,42,33
31,0,0,0,5,0,0,35,0,1,0,3,0,36,39
38,0,1,1,4,0,0,37,0,0,0,1,0,44,38
30,0,0,0,5,0,0,33,0,0,0,1,0,35,34
37,0,0,0,3,0,0,36,1,0,0,3,1,40,41
29,0,0,0,1,0,0,31,0,0,0,1,0,30,32
38,1,2,0,4,0,0,35,1,1,0,2,1,45,40
35,1,0,0,0,0,0,37,0,0,0,3,0,36,40
35,0,0,0,4,1,0,33,0,0,0,4,0,40,37
31,0,0,1,3,0,0,32,0,0,0,3,0,35,35
36,0,0,0,4,0,0,33,0,0,0,2,0,40,35
38,0,0,0,3,0,0,34,0,0,1,3,0,41,38
35,0,0,0,0,0,0,31,0,0,1,6,0,35,38
35,0,0,0,2,0,0,36,0,0,0,4,0,37,40
33,0,0,1,5,0,0,26,1,1,2,2,0,39,32
38,0,0,0,1,0,0,32,0,1,1,4,0,39,38
33,0,0,1,1,0,0,35,0,0,0,4,0,35,39
34,0,0,1,5,0,0,32,0,0,0,1,0,40,33
35,0,0,1,7,0,0,35,0,0,1,6,2,43,44
37,1,1,0,3,0,0,36,0,0,2,6,0,42,44
37,0,0,0,2,0,0,30,0,0,1,4,1,39,36
32,2,0,0,2,0,0,35,0,0,1,1,0,36,37
41,1,0,0,4,0,0,31,0,1,1,3,0,46,36
37,0,0,0,4,0,0,34,0,0,0,2,0,41,36
35,0,0,2,4,0,0,30,0,0,0,3,0,41,33
31,0,0,0,3,0,0,28,0,0,0,3,0,34,31
35,1,0,0,4,1,0,32,0,0,0,5,0,41,37
34,0,0,0,1,0,0,29,0,0,1,3,0,35,33
31,0,0,1,1,0,0,32,0,2,0,2,0,33,36
36,0,0,1,3,1,0,36,0,0,0,5,0,41,41
38,0,1,0,2,0,0,31,0,0,1,6,0,41,38
38,0,0,2,1,0,0,28,0,1,1,2,0,41,32
32,0,0,0,2,0,0,37,0,0,0,7,1,34,45
34,0,0,1,1,0,0,33,0,0,0,2,0,36,35
36,0,0,0,6,0,0,32,1,0,2,4,0,42,39
30,0,0,0,6,0,0,32,1,0,0,2,0,36,35
43,0,0,0,5,0,0,39,0,0,0,2,0,48,41
38,0,0,0,2,0,0,32,0,0,0,4,0,40,36
32,0,0,0,1,0,0,32,0,0,0,3,0,33,35
31,0,0,0,3,0,0,33,0,0,0,1,0,34,34
33,0,1,2,2,0,0,37,0,0,0,1,0,38,38
35,0,1,0,3,0,0,34,0,1,0,4,0,39,39
39,0,1,0,5,1,0,38,1,0,0,5,0,46,44
35,1,0,1,3,0,0,32,0,1,0,2,0,40,35
31,0,0,0,4,0,0,31,0,1,0,0,0,35,32
34,0,0,1,1,0,0,31,0,0,2,2,0,36,35
32,0,0,1,1,0,0,39,0,0,1,3,0,34,43
32,0,0,1,4,0,0,37,0,1,0,4,0,37,42
34,0,0,0,3,0,0,29,0,0,1,0,0,37,30
38,0,0,1,1,0,0,31,0,0,1,4,0,40,36
32,0,0,0,3,0,0,30,0,0,1,2,0,35,33
34,0,0,2,8,0,0,35,0,0,0,6,0,44,41
33,0,0,0,4,0,0,34,0,1,0,6,1,37,42
34,0,1,0,3,0,0,35,0,0,0,3,0,38,38
36,0,1,2,1,0,0,39,0,0,1,4,0,40,44
33,0,0,1,5,0,0,29,0,0,0,2,0,39,31
37,0,0,1,5,0,0,34,1,0,2,1,0,43,38
44,0,1,0,0,0,0,34,0,0,0,4,0,45,38
44,0,0,0,3,0,0,28,0,0,0,0,0,47,28
39,0,1,0,1,0,0,42,0,1,1,2,1,41,47
34,0,1,0,6,0,0,33,0,0,1,1,0,41,35
40,0,0,0,4,0,0,38,0,0,3,2,0,44,43
29,1,1,0,8,2,0,29,0,0,0,0,0,41,29
40,0,1,0,3,0,0,38,0,1,0,4,0,44,43
40,0,0,0,4,0,0,36,0,0,0,1,0,44,37
42,1,2,1,3,0,0,37,0,0,1,2,0,49,40
36,0,0,1,7,0,0,34,1,0,0,5,0,44,40
30,0,0,0,2,0,0,32,0,0,0,4,0,32,36
31,1,0,1,6,0,0,35,0,0,0,4,0,39,39
32,0,0,1,4,0,0,34,0,0,0,2,0,37,36
31,0,0,1,3,0,0,32,1,0,0,1,0,35,34
34,0,0,0,2,0,0,32,0,0,0,9,1,36,42
35,0,0,1,5,1,0,36,0,0,0,2,0,42,38
29,1,0,1,9,0,0,32,0,0,0,3,0,40,35
39,0,0,0,3,0,0,33,0,0,0,5,0,42,38
35,0,0,0,1,0,0,30,0,1,0,0,0,36,31
35,0,1,1,2,0,0,35,0,0,0,3,0,39,38
36,0,0,0,4,0,0,35,0,0,1,5,1,40,42
37,0,0,0,7,0,0,36,0,0,0,4,0,44,40
30,0,0,0,2,0,0,30,0,0,0,1,0,32,31
28,0,0,0,2,0,0,31,0,0,0,2,0,30,33
36,0,0,1,1,0,0,33,1,0,4,4,0,38,42
29,0,2,1,4,0,0,33,0,0,0,0,0,36,33
43,0,0,0,5,0,0,37,0,1,0,8,0,48,46
36,0,0,0,4,0,0,32,0,0,0,2,0,40,34
46,0,1,0,6,0,0,38,0,1,2,6,0,53,47
29,0,0,1,0,0,0,37,0,1,0,4,0,30,42
36,0,0,1,6,1,0,35,1,0,0,2,0,44,38
34,0,0,0,4,0,0,30,0,0,0,2,0,38,32
41,0,0,1,6,0,0,36,0,0,0,4,0,48,40
33,0,1,1,2,0,0,31,0,1,0,3,0,37,35
39,1,0,0,1,0,0,38,0,0,0,4,0,41,42
39,0,0,0,3,0,0,39,0,0,0,4,0,42,43
36,0,0,2,6,0,0,33,0,0,3,5,0,44,41
34,0,0,0,2,0,0,30,0,0,1,5,0,36,36
31,0,1,1,6,0,0,34,0,0,0,2,0,39,36
26,0,0,0,7,0,0,31,0,1,0,4,0,33,36
35,1,1,2,1,0,0,32,0,1,1,4,0,40,38
40,0,0,0,3,1,0,42,0,0,0,4,0,44,46
36,1,1,1,7,0,0,31,0,1,0,2,0,46,34
39,0,0,0,1,0,0,37,0,0,0,3,1,40,41
36,0,0,0,0,0,0,28,0,0,0,5,0,36,33
32,0,1,0,9,1,0,32,0,0,0,0,0,43,32
43,0,0,1,3,0,0,36,0,0,2,9,1,47,48
45,0,0,1,3,0,0,33,0,0,0,4,0,49,37
32,0,0,2,5,0,0,35,0,0,4,5,0,39,44
40,0,0,0,5,0,0,34,0,0,1,4,0,45,39
34,0,1,0,0,0,0,35,0,0,0,2,0,35,37
38,0,0,0,5,0,0,35,0,1,0,3,0,43,39
33,0,0,0,4,0,0,37,0,0,0,3,0,37,40
34,0,0,0,4,0,0,33,0,0,0,2,1,38,36
39,0,0,0,6,0,0,30,0,0,1,3,0,45,34
33,1,0,0,4,2,0,32,1,0,1,2,0,40,36
39,0,1,0,6,0,0,30,0,1,0,2,0,46,33
28,0,0,0,5,0,0,29,0,0,0,2,0,33,31
38,0,0,0,1,0,0,30,0,0,0,5,0,39,35
32,0,1,0,2,0,0,33,0,0,0,5,0,35,38
31,0,0,0,4,0,0,32,0,0,0,1,0,35,33
32,0,0,0,1,0,0,31,0,0,0,5,0,33,36
40,0,1,1,5,0,0,33,0,0,0,1,0,47,34
32,0,1,1,4,0,0,34,0,0,0,3,0,38,37
35,0,0,0,4,0,0,30,0,1,0,2,0,39,33
41,0,0,2,5,0,0,29,0,0,0,0,0,48,29
32,0,0,1,6,1,0,35,0,0,0,4,1,40,40
40,0,1,0,2,0,0,31,0,0,0,6,0,43,37
31,0,0,0,1,0,0,30,0,0,1,5,0,32,36
32,0,0,0,1,0,0,37,0,0,1,2,0,33,40
31,0,0,0,2,0,0,28,0,0,1,1,0,33,30
36,0,0,1,4,0,0,36,0,0,2,5,0,41,43
34,0,0,0,2,0,0,31,0,0,1,5,0,36,37
38,0,0,0,3,0,0,35,0,0,2,3,0,41,40
31,1,1,1,9,1,0,33,0,0,0,1,0,44,34
36,0,3,0,6,0,0,31,0,1,0,4,0,45,36
39,0,1,1,9,1,0,31,0,0,0,1,0,51,32
34,0,0,1,2,0,0,27,0,0,1,1,0,37,29
37,0,0,1,4,0,0,32,0,0,0,4,0,42,36
30,0,0,0,3,0,0,31,0,0,0,5,0,33,36
42,0,0,1,2,0,0,30,0,0,0,5,0,45,35
34,0,0,0,3,0,0,31,0,1,1,3,0,37,36
35,0,0,0,5,0,0,34,0,0,1,6,0,40,41
34,0,0,0,6,0,0,32,0,0,0,5,0,40,37
41,0,0,0,3,0,0,38,0,0,1,2,0,44,41
35,1,0,1,3,0,0,36,0,0,0,5,0,40,41
34,0,0,0,5,1,0,31,0,0,0,4,0,40,35
36,0,1,0,0,0,0,30,0,0,1,5,0,37,36
31,0,1,0,1,0,0,37,0,0,0,3,0,33,40
38,1,2,1,6,1,0,38,1,2,1,5,2,49,49
31,0,0,1,1,0,0,31,0,0,0,1,0,33,32
41,0,0,0,3,1,0,50,0,1,0,2,0,45,53
33,0,0,0,2,0,0,29,1,0,1,6,0,35,37
36,0,0,0,5,0,0,34,0,0,0,3,0,41,37
34,0,0,1,2,0,0,34,0,0,1,3,0,37,38
36,0,1,1,6,0,0,34,0,0,0,4,0,44,38
32,0,0,1,3,0,0,31,0,0,1,5,1,36,38
32,0,0,1,6,0,0,28,0,0,1,7,0,39,36
29,0,0,0,1,0,1,32,0,0,0,1,0,31,33
34,0,0,0,0,0,0,31,0,0,0,4,0,34,35
33,0,1,0,3,0,0,32,0,0,0,2,0,37,34
29,0,0,0,5,0,0,34,0,0,0,3,0,34,37
32,0,0,0,5,0,0,34,0,0,1,6,0,37,41
32,0,1,0,0,0,0,34,0,0,0,4,0,33,38
39,0,1,1,4,1,0,35,0,0,1,2,0,46,38
33,0,0,0,3,1,0,25,0,1,0,1,0,37,27
32,0,0,0,1,0,0,34,0,0,2,3,0,33,39
31,0,0,0,1,0,0,33,0,0,0,2,0,32,35
31,0,0,0,7,0,0,35,0,2,1,4,0,38,42
31,0,0,3,0,0,0,30,0,0,0,6,0,34,36
43,0,1,0,3,0,0,40,0,0,0,5,1,47,46
35,0,1,0,2,0,0,33,0,0,1,2,0,38,36
36,0,0,1,4,0,0,33,0,1,1,3,0,41,38
34,0,0,0,3,0,0,29,0,0,0,8,0,37,37
35,1,0,0,1,0,0,32,0,0,2,2,0,37,36
40,1,0,0,1,0,0,36,0,0,2,5,0,42,43
32,0,0,0,1,0,0,40,0,0,0,6,0,33,46
35,0,1,0,3,0,0,30,1,0,1,5,0,39,37
40,0,0,2,4,0,0,38,0,0,0,5,0,46,43
35,0,0,0,2,0,0,32,0,1,1,3,0,37,37
34,0,0,0,2,0,0,32,0,0,0,2,0,36,34
40,0,0,0,5,2,0,38,0,0,0,4,0,47,42
39,0,0,0,5,0,0,34,0,0,0,7,0,44,41
33,0,0,0,1,0,0,29,0,0,1,2,0,34,32
38,0,0,3,5,0,0,31,0,0,1,3,0,46,35
45,0,0,1,2,0,0,40,0,1,1,1,0,48,43
34,0,1,0,9,1,0,32,0,1,0,3,0,45,36
33,0,0,1,4,0,0,33,0,0,1,6,0,38,40
32,0,0,0,2,0,0,32,0,2,1,6,0,34,41
29,0,0,0,1,0,0,26,0,1,1,6,0,30,34
31,0,0,2,7,0,0,36,0,1,1,3,0,40,41
40,0,0,0,5,0,0,40,0,0,0,5,0,45,45
30,0,0,0,2,0,0,32,1,1,0,10,4,32,48
32,0,0,1,2,0,0,30,0,0,1,4,0,35,35
35,0,1,0,1,0,0,34,0,0,0,5,0,37,39
32,0,0,1,3,0,0,32,0,0,0,5,0,36,37
33,0,0,1,7,1,1,33,0,0,0,7,1,43,41
34,0,0,0,2,0,0,30,0,0,0,5,0,36,35
37,0,2,3,6,0,1,37,0,1,0,2,0,49,40
40,0,0,0,4,0,0,38,0,0,1,2,0,44,41
37,0,0,1,0,0,0,32,0,0,0,2,0,38,34
32,0,0,0,2,0,0,30,0,0,0,2,0,34,32
31,0,0,0,0,0,0,36,0,0,1,1,0,31,38
35,0,1,0,4,1,0,33,0,0,0,1,0,41,34
35,0,2,0,4,0,0,35,0,0,0,3,0,41,38
34,0,0,0,2,0,0,30,0,0,0,1,0,36,31
33,0,0,0,2,0,0,33,0,0,0,3,0,35,36
32,0,0,0,4,0,0,35,0,0,1,3,0,36,39
36,0,1,0,1,0,0,31,0,0,0,2,0,38,33
34,0,0,0,4,0,0,33,0,0,0,2,0,38,35
41,0,0,0,1,0,0,38,0,1,1,5,0,42,45
29,1,0,0,4,0,0,29,0,0,0,5,0,34,34
35,0,1,1,3,0,0,31,0,0,0,2,0,40,33
30,0,0,0,6,0,0,34,0,0,1,8,0,36,43
28,0,1,1,3,0,0,32,0,0,0,5,0,33,37
36,0,0,0,3,0,0,33,0,0,0,4,0,39,37
31,0,0,0,5,0,0,30,0,0,1,1,1,36,33
37,0,0,0,4,0,0,30,0,0,0,1,0,41,31
32,0,1,0,1,0,0,28,1,1,0,2,0,34,32
31,0,0,0,2,0,0,34,0,0,0,6,0,33,40
28,1,0,0,1,0,0,29,0,0,0,0,0,30,29
33,0,0,0,0,0,0,30,0,0,0,1,0,33,31
33,0,0,0,3,0,0,33,0,0,0,2,0,36,35
38,0,0,1,5,1,0,34,0,0,1,4,0,45,39
38,0,0,0,4,0,0,33,0,0,0,1,0,42,34
29,0,0,0,4,0,0,35,0,0,2,2,1,33,40
35,1,1,1,10,1,0,31,0,0,0,5,0,49,36
33,0,0,1,2,0,0,31,1,0,0,3,0,36,35
29,0,0,0,7,0,0,30,0,0,0,1,0,36,31
35,0,2,1,2,0,0,35,0,0,1,2,1,40,39
32,0,0,0,2,0,0,29,0,0,0,5,0,34,34
35,0,0,1,2,0,0,31,0,0,0,4,0,38,35
37,0,0,0,8,0,0,35,0,1,1,4,0,45,41
33,0,0,0,3,0,0,37,0,1,1,7,0,36,46
41,0,1,0,3,0,0,34,0,0,1,0,0,45,35
38,0,1,0,1,0,0,29,0,0,0,1,0,40,30
41,0,0,0,4,0,0,34,0,0,0,1,0,45,35
32,0,0,0,2,0,0,38,0,0,2,5,0,34,45
33,0,0,0,3,0,0,31,0,1,0,4,0,36,36
36,0,0,2,8,0,0,31,0,0,0,2,0,46,33
33,0,0,2,2,0,0,37,0,0,1,2,0,37,40
32,0,0,0,0,0,0,29,0,0,0,1,0,32,30
49,0,0,1,7,2,0,47,2,0,0,4,0,59,53
31,0,0,1,7,0,0,33,0,0,0,7,0,39,40
34,0,1,0,2,0,0,33,1,0,0,2,0,37,36
36,0,0,1,2,0,0,36,0,0,0,8,0,39,44
36,0,0,0,3,0,0,34,1,1,0,5,0,39,41
35,0,0,0,4,0,0,34,0,0,1,4,0,39,39
36,0,0,0,7,0,0,30,0,1,0,2,0,43,33
35,1,1,0,0,0,0,33,0,0,0,8,0,37,41
36,0,0,0,8,0,0,36,0,0,0,3,0,44,39
32,0,0,0,1,0,0,34,0,0,0,3,0,33,37
35,0,0,1,7,0,0,33,0,0,0,0,0,43,33
32,0,0,0,0,0,0,33,0,0,1,4,0,32,38
39,0,0,0,4,0,0,32,0,3,0,6,0,43,41
33,0,1,1,8,0,0,33,0,1,0,3,0,43,37
41,0,1,1,3,1,0,40,0,0,0,3,1,47,44
43,0,0,0,5,2,0,43,0,1,0,7,1,50,52
32,0,0,0,3,0,0,33,1,1,1,5,0,35,41
39,1,0,1,1,0,0,43,0,1,1,1,0,42,46
36,0,0,1,2,0,0,40,0,0,1,9,0,39,50
34,1,1,0,4,0,0,33,2,1,0,5,1,40,42
35,0,0,0,2,0,0,38,1,0,1,3,0,37,43
31,0,0,0,3,0,0,33,0,0,0,0,0,34,33
35,1,0,1,6,0,0,33,0,0,0,1,0,43,34
33,0,0,0,5,0,0,33,0,0,0,3,0,38,36
37,0,0,0,3,0,0,39,1,1,0,0,0,40,41
33,0,0,0,3,0,0,33,0,0,0,1,0,36,34
35,0,0,0,3,1,0,35,0,0,1,1,1,39,38
34,0,1,2,4,0,0,31,0,1,0,1,0,41,33
39,1,0,1,3,0,0,33,0,0,0,1,0,44,34
38,0,0,0,2,0,0,34,0,0,0,4,0,40,38
36,0,0,1,4,0,0,31,0,1,1,0,0,41,33
34,0,0,0,5,0,0,31,0,0,0,2,0,39,33
33,0,0,0,1,0,0,31,0,1,0,5,0,34,37
33,0,0,1,2,0,0,31,0,1,0,3,0,36,35
35,0,0,0,2,1,0,31,0,0,0,1,0,38,32
41,0,0,1,3,0,0,38,0,0,0,4,0,45,42
30,0,0,0,2,0,0,29,0,0,0,0,0,32,29
39,0,0,0,4,0,0,33,0,0,0,0,0,43,33
41,0,1,0,2,0,0,37,0,0,0,5,0,44,42
31,0,2,0,4,1,0,30,0,0,1,3,0,38,34
35,0,0,1,5,0,0,30,0,0,0,6,0,41,36
32,0,1,0,3,1,0,32,0,0,0,2,0,37,34
28,0,2,0,5,0,0,34,0,1,2,2,0,35,39
30,0,0,1,0,0,0,34,0,1,0,6,0,31,41
31,0,0,0,3,0,0,35,0,1,1,6,0,34,43
37,0,0,0,8,0,0,30,0,0,0,2,0,45,32
33,0,0,0,1,0,0,36,0,0,1,3,0,34,40
38,0,0,0,0,0,0,31,1,0,3,4,1,38,40
28,0,0,0,4,0,0,30,0,0,2,5,1,32,38
35,0,1,0,6,0,0,33,0,1,0,6,0,42,40
33,0,0,0,2,0,0,29,0,1,0,2,0,35,32
37,0,0,1,3,0,0,35,0,0,1,3,0,41,39
37,0,0,0,7,0,0,34,0,1,0,3,0,44,38
37,0,0,0,3,0,0,30,0,0,0,1,0,40,31
38,0,0,0,4,1,0,30,0,1,0,4,0,43,35
32,0,0,2,1,0,0,30,0,0,0,7,0,35,37
31,0,0,1,4,0,0,31,0,0,1,8,0,36,40
30,0,0,0,4,0,0,36,0,0,0,3,0,34,39
33,0,0,0,10,1,0,37,0,1,0,1,0,44,39
42,0,0,1,3,0,0,38,0,0,1,2,0,46,41
34,1,0,1,3,1,0,33,0,0,1,5,0,40,39
33,0,1,1,1,0,0,31,0,0,0,3,0,36,34
36,0,1,0,4,0,0,33,0,1,0,3,0,41,37
35,0,0,0,3,1,0,28,0,1,0,2,0,39,31
36,0,0,0,2,0,0,32,0,0,1,3,0,38,36
33,0,1,0,5,0,0,39,0,0,2,7,0,39,48
33,0,0,0,2,0,0,27,1,0,1,5,1,35,35
34,0,1,0,0,0,0,35,0,0,0,5,0,35,40
36,0,0,0,6,0,0,32,0,0,0,3,0,42,35
35,0,0,2,3,1,0,34,0,0,0,1,0,41,35
37,0,0,2,3,0,0,37,0,0,0,4,0,42,41
36,0,0,0,2,0,0,38,0,1,2,7,0,38,48
37,0,0,0,6,0,0,37,0,0,1,6,0,43,44
29,0,0,1,5,0,0,32,0,2,0,1,0,35,35
35,0,1,1,2,0,0,30,0,1,0,4,0,39,35
36,0,0,0,2,0,0,32,0,0,0,2,0,38,34
45,0,0,1,4,0,0,35,0,0,0,3,0,50,38
34,0,0,0,3,0,0,30,0,1,1,6,0,37,38
32,0,0,0,1,0,0,34,0,0,0,3,0,33,37
37,0,0,0,3,1,0,30,0,0,0,1,0,41,31
36,0,0,1,2,0,0,35,0,0,2,5,0,39,42
30,0,0,0,7,0,0,30,0,0,2,4,0,37,36
34,0,1,1,7,0,0,33,0,1,1,7,0,43,42
33,0,0,0,4,0,0,32,0,0,0,1,0,37,33
42,0,0,2,7,0,0,31,0,0,0,5,0,51,36
37,0,0,0,3,0,0,34,1,0,1,4,2,40,42
35,0,0,0,4,0,0,32,0,0,0,1,0,39,33
34,0,2,1,3,0,0,36,0,1,0,6,0,40,43
32,1,0,0,2,0,0,27,1,2,1,3,0,35,34
36,0,0,1,4,1,1,38,0,2,0,4,1,43,45
32,1,1,2,4,0,0,35,0,0,0,6,0,40,41
36,0,0,0,3,0,0,30,0,2,0,10,0,39,42
32,0,0,1,0,0,0,36,0,0,0,1,0,33,37
32,0,0,0,1,0,0,32,0,1,1,4,0,33,38
34,0,0,1,4,0,0,35,0,0,0,1,0,39,36
36,0,0,1,6,0,0,32,0,0,0,3,0,43,35
36,0,0,1,4,0,0,31,0,2,0,6,0,41,39
42,0,0,1,4,0,0,41,0,0,0,5,0,47,46
29,0,0,0,3,0,0,34,0,0,0,5,0,32,39
33,0,0,1,3,0,0,31,0,1,0,5,0,37,37
34,0,1,1,2,0,0,35,0,0,0,0,0,38,35
35,0,2,0,7,1,0,34,0,0,0,12,2,45,48
31,0,0,0,1,0,0,34,0,0,0,2,0,32,36
36,0,0,0,5,0,0,28,0,0,1,1,0,41,30
31,0,1,0,1,0,0,33,0,0,1,3,0,33,37
34,0,0,0,1,0,0,30,0,0,2,2,0,35,34
34,0,0,0,6,0,0,28,0,0,0,2,0,40,30
39,0,0,3,4,0,0,38,0,0,1,3,0,46,42
33,0,0,0,3,0,0,29,0,0,0,4,1,36,34
30,1,0,0,3,0,0,29,0,1,2,5,0,34,37
33,0,0,0,5,0,0,29,0,0,1,5,0,38,35
35,1,0,1,5,2,0,33,0,0,0,1,0,44,34
34,0,0,1,2,0,0,38,0,0,0,2,0,37,40
29,0,0,0,1,0,0,29,0,0,1,3,0,30,33
32,0,0,0,3,0,0,42,0,0,0,2,0,35,44
30,0,1,0,2,0,0,30,0,1,1,2,0,33,34
36,0,0,1,6,0,0,40,0,0,0,2,0,43,42
21,0,1,0,3,0,0,21,1,0,2,0,0,25,24
33,0,0,0,8,0,0,30,0,0,1,1,0,41,32
32,0,0,0,5,0,0,34,1,0,1,2,0,37,38
36,1,0,1,1,0,0,34,0,0,1,4,0,39,39
32,0,3,0,3,0,0,33,0,0,0,6,0,38,39
35,1,0,1,3,0,0,31,0,0,0,4,0,40,35
38,0,0,0,3,1,0,38,0,0,0,3,0,42,41
38,0,1,0,4,0,0,32,0,0,1,3,0,43,36
33,0,0,1,0,0,0,31,0,0,1,4,1,34,37
34,0,0,0,6,0,0,34,0,0,0,0,0,40,34
35,0,0,2,4,0,0,31,0,1,0,5,0,41,37
34,0,0,1,3,0,0,28,0,1,0,1,0,38,30
37,1,0,0,4,0,0,32,0,0,0,4,0,42,36
35,0,0,2,2,0,0,32,0,0,0,2,0,39,34
43,0,2,1,6,0,0,32,0,0,0,0,0,52,32
30,0,1,1,4,0,0,32,0,0,0,2,0,36,34
34,0,0,0,1,0,0,32,0,1,0,3,0,35,36
34,0,0,0,5,0,0,30,0,0,0,3,0,39,33
33,0,0,1,5,0,0,34,0,1,0,3,0,39,38
29,0,0,0,2,0,0,27,0,0,0,3,0,31,30
38,1,0,1,1,0,0,39,0,0,1,0,0,41,40
38,0,2,0,7,0,0,36,0,0,0,3,0,47,39
36,0,0,0,8,0,0,36,0,0,0,3,1,44,40
33,0,0,0,3,0,0,30,0,0,0,4,0,36,34
34,0,0,0,1,0,0,31,0,0,0,9,1,35,41
35,0,1,2,1,1,0,31,0,1,0,4,0,40,36
31,0,0,0,2,0,0,28,0,0,0,6,0,33,34
36,0,1,1,3,0,0,37,0,0,0,1,0,41,38
35,0,1,3,5,0,0,34,0,0,0,0,0,44,34
32,0,1,0,5,0,0,31,0,0,1,2,1,38,35
35,0,1,0,4,0,0,35,0,0,2,4,0,40,41
36,0,0,1,6,1,0,33,0,0,0,3,1,44,37
37,0,0,0,4,0,0,31,0,0,1,4,0,41,36
38,0,2,0,1,1,0,34,0,0,1,5,0,42,40
36,0,0,0,4,0,0,30,0,0,0,2,0,40,32
32,0,0,0,0,0,0,32,1,0,1,5,0,32,39
34,0,1,0,3,0,0,29,0,0,0,2,0,38,31
27,1,0,0,4,0,0,36,0,0,0,0,0,32,36
33,0,0,0,1,0,0,29,0,0,0,2,0,34,31
31,0,0,0,0,0,0,31,0,0,1,6,0,31,38
35,0,0,1,2,0,0,33,0,1,1,1,0,38,36
40,0,0,0,4,2,0,34,0,0,0,9,0,46,43
34,0,0,0,5,1,0,29,0,0,0,0,0,40,29
33,0,0,1,2,0,0,31,0,0,1,3,0,36,35
37,0,0,0,2,0,0,43,0,0,0,2,0,39,45
33,0,0,0,3,0,0,28,0,0,0,4,0,36,32
26,0,0,1,4,0,0,28,1,0,0,1,0,31,30
37,0,0,0,2,0,0,33,0,0,0,3,0,39,36
31,0,0,0,1,0,0,26,0,0,1,3,0,32,30
29,0,1,0,4,0,0,27,0,0,0,1,0,34,28
34,0,0,0,2,0,0,33,0,0,0,5,0,36,38
31,0,0,0,3,0,0,30,0,0,1,6,0,34,37
30,0,0,0,1,0,0,33,0,0,0,4,0,31,37
34,0,0,0,1,1,0,36,0,0,1,2,0,36,39
33,0,0,0,1,0,0,31,0,0,0,4,0,34,35
40,0,0,0,2,0,0,43,0,0,1,4,1,42,49
38,0,1,1,4,0,0,38,0,0,0,2,0,44,40
35,0,0,0,3,1,0,33,0,0,0,6,0,39,39
33,1,1,0,3,0,0,35,0,0,0,4,0,38,39
32,0,0,2,0,0,0,28,0,0,0,6,0,34,34
45,0,0,1,2,0,0,32,0,0,0,2,0,48,34
29,0,0,1,4,0,0,33,0,0,1,3,0,34,37
31,0,0,0,2,0,0,29,0,0,0,1,0,33,30
34,0,1,1,6,1,0,34,0,0,1,5,0,43,40
38,0,0,0,5,0,0,39,0,0,1,1,0,43,41
34,1,0,0,1,0,0,37,0,1,1,5,0,36,44
30,0,0,1,8,0,0,30,0,0,1,3,0,39,34
32,0,0,1,3,0,0,40,0,1,0,4,0,36,45
31,0,0,0,2,0,0,29,1,0,1,6,0,33,37
37,0,0,0,3,0,0,34,0,0,1,4,0,40,39
39,0,0,1,5,0,0,37,0,0,0,5,0,45,42
39,0,0,0,6,0,0,39,0,0,0,4,0,45,43
33,0,0,0,3,0,0,28,0,0,1,4,0,36,33
36,0,0,3,0,0,0,35,0,0,3,1,0,39,39
38,1,1,1,2,1,0,39,1,0,1,1,0,44,42
32,0,0,0,2,0,0,28,0,0,0,2,0,34,30
40,0,0,0,4,0,0,35,0,0,1,10,0,44,46
35,1,0,0,3,0,0,28,0,1,0,2,0,39,31
39,0,0,1,1,0,0,32,0,0,0,0,0,41,32
38,0,0,0,3,0,0,33,0,0,0,1,0,41,34
34,0,0,1,4,0,0,32,0,1,0,7,0,39,40
38,1,0,0,5,0,0,36,0,0,0,2,0,44,38
35,0,0,1,8,0,0,34,0,0,0,1,0,44,35
43,0,0,0,4,1,0,37,0,0,0,5,0,48,42
36,0,1,0,3,0,0,32,0,0,0,3,0,40,35
39,2,0,0,6,1,0,38,0,0,2,4,0,48,44
40,0,0,1,6,0,0,35,0,0,0,2,0,47,37
32,0,0,0,2,0,0,28,0,1,0,6,0,34,35
37,0,1,0,4,0,0,28,0,0,0,2,0,42,30
29,0,0,0,1,0,0,29,0,0,0,5,0,30,34
34,0,0,3,3,0,0,31,0,0,1,2,0,40,34
35,0,0,0,0,0,0,30,1,1,2,1,0,35,35
34,0,0,0,4,0,0,33,0,0,2,6,1,38,42
34,0,0,0,6,0,0,29,0,0,0,4,0,40,33
36,0,1,0,7,0,0,40,0,0,1,3,1,44,45
33,0,0,0,1,0,0,32,0,0,0,6,0,34,38
32,0,0,0,3,0,0,32,1,1,0,1,0,35,35
30,0,0,0,0,0,0,28,0,0,1,1,0,30,30
43,0,0,1,3,0,0,40,0,0,2,3,0,47,45
